در	4510
به	3668
از	3425
که	2486
این	1879
با	1814
است	1666
را	1643
ایران	1561
تهران	1243
انفجار	1024
اسراییل	934
رو	889
کرد	850
آمریکا	847
ساعت	839
شده	827
برای	817
اسفند	794
ما	788
صدای	786
ترامپ	751
تا	715
بود	713
یک	692
هم	691
دریافتی	666
حمله	657
شد	617
جمهوری	608
اسلامی	603
حملات	526
قرار	512
هدف	489
او	485
کرده	467
روز	457
سمت	456
گفت	453
سپاه	394
جنگ	393
ارتش	384
آن	350
گزارش	343
خواهد	338
اعلام	335
بر	333
ویدیوی	332
شرح	324
نظامی	321
خود	321
تو	321
خیلی	318
اما	317
دو	306
شدید	305
من	295
کشته	282
درباره	281
جنگنده	278
شما	272
یا	271
خامنه‌ای	270
دیگر	269
منطقه	268
داد	259
تصاویر	250
الان	247
پیش	246
مردم	245
هوایی	242
کشور	240
انجام	237
یه	237
آن‌ها	235
متحده	233
وزیر	228
زدن	228
شنبه	226
حال	226
شدن	224
ادامه	222
گفته	220
غرب	220
نزدیک	218
نیروی	218
نیروهای	214
ایالات	208
چند	207
عملیات	206
نیست	204
داده	200
ولی	200
پس	200
کار	199
موشک	196
میاد	196
علی	195
دقیقه	192
باید	192
شرق	190
همچنین	188
دونالد	186
حدود	186
همین	186
منتشر	185
داره	185
اگر	182
اومد	177
رژیم	176
گرفته	173
پدافند	171
بوده	171
دارد	171
شهر	171
خبر	169
هر	169
امروز	166
دست	166
یکی	166
دوشنبه	165
بسیار	165
شود	165
نفت	164
های	164
بالا	163
نیز	162
جدید	161
آمریکایی	160
اکنون	160
جمعه	160
مورد	160
همه	158
رهبر	156
هسته‌ای	155
علیه	155
سه	154
هیچ	153
مجتبی	152
صدا	152
کند	152
پاسداران	151
بعد	150
کرج	150
شلیک	147
کردن	147
بار	147
بامداد	146
می‌شود	146
ها	146
خارجه	145
هستند	144
اصفهان	143
فکر	140
رییس‌جمهور	139
آنها	139
خیابان	138
مرکز	137
تنگه	136
شبکه	136
صبح	135
مذاکرات	134
پایان	133
لاریجانی	132
کشورهای	132
پیام	132
کنند	132
پهپاد	130
نفر	130
تاکید	129
وحید	129
سه‌شنبه	128
پایگاه	128
موشکی	128
پنجشنبه	127
باشد	127
رییس	127
افزود	126
هنوز	126
عکس	126
یکشنبه	125
هرمز	124
استفاده	123
دریایی	123
امنیت	123
دیگه	123
موج	123
کردند	122
جنوب	122
داشت	122
دفاع	122
می‌کند	119
خاورمیانه	118
رهبری	118
نه	118
عراقچی	117
زد	117
جمهوری‌اسلامی	116
شیراز	116
گرفت	116
انفجارهای	115
شنیده	115
سر	114
آغاز	113
پشت	113
توسط	112
می‌دهد	111
گذشته	111
بسیج	111
فرماندهی	110
دور	110
لرزید	108
وجود	108
چه	108
خبرگزاری	107
بین	107
توافق	106
اطلاعات	105
بودند	105
سلام	105
وزارت	104
میشه	104
چهارشنبه	103
ایرانی	103
هشدار	103
فوری	102
کل	102
دی	100
نتانیاهو	99
تمام	98
فارس	98
هفته	98
فقط	98
شده‌اند	97
دولت	97
حتی	97
سال	97
زدند	96
داشته	95
ویدیو	95
خونه	95
صورت	95
اون	95
ملی	95
خواهیم	94
ارشد	94
لحظه	94
اول	94
نظر	94
آینده	93
چندین	93
روی	93
چون	93
احتمالا	92
برخی	92
شب	92
سازمان	91
شورای	91
هستیم	91
کردیم	91
شهرک	91
سخنگوی	90
ساختمان	89
دوباره	89
اشاره	89
اهداف	89
اساس	89
دادن	89
کامل	89
فرودگاه	88
دارن	88
زیر	88
شروع	87
اخیر	86
نشده	86
نابود	84
مهیب	84
اینکه	83
میدان	83
وضعیت	83
نشان	83
نوشت	83
ناو	83
پی	83
تایید	82
کنیم	82
محل	82
حکومت	81
شمال	81
نقل	81
دارند	80
میان	80
بمباران	79
امنیتی	79
آزادی	79
دیگری	79
منابع	79
جمله	79
پاسخ	79
شدند	78
همچنان	77
بیش	77
کلانتری	76
مقامات	76
اقدام	76
دید	76
می‌کنند	75
می‌کنیم	75
تهدید	75
زمان	75
بدون	74
حضور	74
آیا	74
جان	74
کنم	74
تروریستی	73
ویدیوهای	73
جریان	73
زیادی	73
مقام	73
وارد	73
موشک‌های	72
داریم	72
سنگین	72
موضوع	72
ترور	72
زمین	72
ممکن	72
سوی	72
شدت	72
سنتکام	71
اصابت	71
حالا	71
شیشه	71
خاک	71
بررسی	70
بیشتر	70
ناحیه	70
نوشته	70
عنوان	69
جهان	69
اسراییلی	68
کاملا	68
چیزی	68
هست	68
پست	68
کمک	68
می‌کنم	67
آپدیت	67
مربوط	67
بودن	67
سلاح	67
مقام‌های	66
پیام‌های	66
فرمانده	66
بزرگ	66
دیده	66
بمب	66
دوم	66
امارات	65
آسمان	65
دود	65
پنج	65
می	65
بین‌المللی	64
اجتماعی	64
مهرآباد	64
افزایش	64
برنامه	64
آماده	64
زیاد	64
عراق	64
مجلس	64
کسی	64
گزارش‌ها	63
حوالی	63
رسانه‌های	62
شهروندان	62
وحشتناک	62
پزشکیان	62
انتشار	62
بیانیه	62
تسلیم	62
حالی	62
هگست	62
چهار	62
کنه	62
کرده‌اند	61
ایجاد	61
لرزش	61
هزار	61
راه	61
قبل	61
رییس‌جمهوری	60
تاسیسات	60
افراد	60
اینجا	60
مختلف	60
مرکزی	60
عبور	60
قطع	60
استان	59
دنبال	59
ساله	59
عباس	59
بالستیک	58
گفت‌وگو	58
انتخاب	58
درصد	58
وقتی	58
برق	58
ای	58
انقلاب	57
پهپادی	57
مناطق	57
سقوط	57
مشخص	57
چنین	57
کاخ	57
رویترز	56
روسیه	56
امور	56
باشه	56
تنها	56
داخل	56
سفید	56
آتش	56
طی	56
فعالیت	55
حمایت	55
زمانی	55
ندارد	55
همراه	55
آباد	55
آقای	55
پلیس	55
اعتراضات	54
مذاکره	54
پرتاب	54
کنید	54
توی	54
ماه	54
حکومتی	53
ویتکاف	53
پیروزی	53
تغییر	53
درحال	53
پایین	53
حاضر	53
عربستان	52
دریافت	52
دقایقی	52
قیمت	52
اطلاعاتی	51
احتمال	51
پرواز	51
جنگی	51
خارج	51
رفته	51
منبع	51
پیکر	51
می‌گوید	50
برخورد	50
خواهند	50
گسترده	50
اجازه	50
دادند	50
صنعتی	50
امشب	50
باز	50
قطر	50
ملت	50
نخست‌وزیر	49
بازرسی	49
اعزام	49
انرژی	49
رسیده	49
سرکوب	49
پیامی	49
گلوله	49
آسیب	49
اونا	49
بهمن	49
خبری	49
شرکت	49
صادر	49
کنار	49
تیم	49
طرف	49
زیرساخت‌های	48
می‌تواند	48
نخواهد	48
همزمان	48
تصمیم	48
جنوبی	48
همیشه	48
گرفتن	48
زخمی	48
دهد	48
مثل	48
بریتانیا	47
تقریبا	47
روزهای	47
بالای	47
ستاد	47
عمان	47
کاهش	47
احتمالی	46
دانشگاه	46
درگیری	46
نزدیکی	46
متوقف	46
مستقر	46
کنترل	46
جایی	46
دلیل	46
دیشب	46
سوخت	46
قدرت	46
مسلح	46
میگن	46
پیدا	46
کردم	46
مقر	46
رخ	46
رد	46
اینترنت	45
ویدیویی	45
برگزار	45
فرانسه	45
دیدار	45
خلیج	45
دشمن	45
مسیر	45
نشست	45
بخش	45
خبرنگار	44
پادگان	44
ارایه	44
تصویر	44
دستور	44
لبنان	44
مشترک	44
شکست	44
نیوز	44
ویژه	44
طول	44
مرگ	44
نام	44
پیت	44
شبکه‌های	43
انتظامی	43
دست‌کم	43
محدوده	43
هرگونه	43
ژورنال	43
انگار	43
باشند	43
تخلیه	43
مدرسه	43
میزنن	43
رسید	43
عالی	43
کشتی	43
خطر	43
نمیدونم	42
برابر	42
دفاعی	42
صحبت	42
کجا	42
هواپیمابر	41
اطراف	41
جزیره	41
منهدم	41
پهلوی	41
کانال	41
امام	41
روشن	41
شاید	41
ظهر	41
بد	41
پنج‌شنبه	40
قالیباف	40
اشتباه	40
رهگیری	40
انبار	40
فاصله	40
تلاش	40
دلار	40
سوم	40
قدس	40
چرا	40
قم	40
بی‌جان	39
اهواز	39
تاریخ	39
تبریز	39
جهانی	39
میزنه	39
اصلی	39
بعدی	39
شوند	39
ضربه	39
عربی	39
تحت	39
زده	39
نور	39
بیمارستان	38
آتش‌سوزی	38
دستیابی	38
پیش‌تر	38
همدان	38
توان	38
درست	38
رسمی	38
نقطه	38
دبی	38
رضا	38
طور	38
قصد	38
ژنو	38
به‌عنوان	37
کرمانشاه	37
تاکنون	37
بحرین	37
بزرگی	37
حداقل	37
آمده	37
آنچه	37
جلسه	37
طریق	37
فورا	37
کردستان	36
گزارشات	36
طولانی	36
بوشهر	36
دبیر	36
قابل	36
لطفا	36
نبود	36
گویا	36
یافت	36
جدی	36
رفت	36
پایگاه‌های	35
شنیدیم	35
نابودی	35
وابسته	35
کشورها	35
اتفاق	35
بلوار	35
زمینی	35
مهمات	35
گفتگو	35
باعث	35
توجه	35
حاکی	35
دارم	35
روند	35
زیرا	35
شامل	35
مدعی	35
نقاط	35
هرگز	35
خوب	35
مهم	35
پخش	35
سامانه‌های	34
هواپیمای	34
قرارگاه	34
اختیار	34
به‌طور	34
ندارند	34
تعیین	34
توییت	34
مجتمع	34
معاون	34
معلوم	34
نهایی	34
بلکه	34
دقیق	34
پسر	34
دیپلماتیک	33
صداوسیما	33
واشینگتن	33
می‌دهند	33
توافقی	33
داشتند	33
تعداد	33
دادیم	33
سیاسی	33
بعضی	33
مجدد	33
آخر	33
صلح	33
فرماندهان	32
اورانیوم	32
ساختمون	32
شناسایی	32
هواپیما	32
خبرگان	32
خیابون	32
دی‌ماه	32
رهبران	32
مجموعه	32
میلیون	32
می‌کرد	32
اعضای	32
اونجا	32
بیرون	32
تایمز	32
تبدیل	32
توصیف	32
دیروز	32
سفارت	32
نداره	32
زنده	32
فعال	32
مطرح	32
نفتی	32
تیر	32
ثبت	32
عضو	32
چین	32
بی	32
حس	32
داده‌اند	31
غنی‌سازی	31
پهپادهای	31
انتظار	31
اکسیوس	31
بیشتری	31
مستقیم	31
مصاحبه	31
آخرین	31
اولین	31
جدیدی	31
سعودی	31
شرایط	31
میدون	31
نارمک	31
نتیجه	31
نکرده	31
آزاد	31
ایکس	31
باقی	31
بلند	31
تجمع	31
تماس	31
سایت	31
فراز	31
مدت	31
هفت	31
می‌خواهیم	30
منطقه‌ای	30
اکباتان	30
واشنگتن	30
جزییات	30
می‌کنه	30
نخستین	30
هزاران	30
گزارشی	30
آسمون	30
خواست	30
فروند	30
مراسم	30
مسعود	30
مقابل	30
می‌شد	30
واکنش	30
دهند	30
صداش	30
همون	30
کاری	30
اثر	30
طبق	30
وقت	30
وال‌استریت	29
بیانیه‌ای	29
بندرعباس	29
آکسیوس	29
تخریب	29
داخلی	29
سراسر	29
شمالی	29
قزوین	29
جوان	29
حرکت	29
خودش	29
دهیم	29
وعده	29
گروه	29
حذف	29
ری	29
پالایشگاه	28
انفجارها	28
حزب‌الله	28
سامانه	28
فوتبال	28
می‌رود	28
نداریم	28
همسایه	28
گرفتند	28
ارسال	28
استیو	28
اولیه	28
تلفنی	28
ممکنه	28
میناب	28
پهباد	28
آگاه	28
ایست	28
بخشی	28
خانه	28
دوتا	28
فیلم	28
هستم	28
پرسش	28
ملل	28
کلی	28
جا	28
کم	28
جنگنده‌های	27
اظهارات	27
تصاویری	27
درجریان	27
درخواست	27
روزنامه	27
بسیاری	27
اروپا	27
ایلام	27
متعلق	27
بسته	27
تازه	27
توقف	27
حقوق	27
خطاب	27
نخست	27
نسبت	27
یعنی	27
امن	27
ظرف	27
راهپیمایی	26
اسلامشهر	26
اوکراین	26
بنیامین	26
جلوگیری	26
خواستار	26
پیام‌ها	26
اعدام	26
امکان	26
اومده	26
تولید	26
خونین	26
ده‌ها	26
ساخته	26
مراکز	26
میکنن	26
میکنه	26
کاشان	26
اباد	26
ادعا	26
اصلا	26
تموم	26
سایر	26
غربی	26
نشود	26
همان	26
کوچه	26
یگان	26
برد	26
جشن	26
سطح	26
شرط	26
عمل	26
آذربایجان	25
جنگنده‌ها	25
اسفندماه	25
زیرزمینی	25
بازداشت	25
شاهزاده	25
موشک‌ها	25
به‌شدت	25
خامنه	25
نباید	25
نمیشه	25
نهایت	25
واقعا	25
دچار	25
فرار	25
فشار	25
قرمز	25
محله	25
نقش	25
چیز	25
تر	25
ده	25
دانشجویان	24
پیام‌هایی	24
ایرانیان	24
دیپلماسی	24
می‌گویند	24
اسماعیل	24
شهرستان	24
ساعاتی	24
مقابله	24
مقاومت	24
همکاری	24
اضافه	24
بسیجی	24
جمهور	24
داشتم	24
داشتن	24
زندگی	24
سنندج	24
عمومی	24
ماشین	24
محکوم	24
بانک	24
خوبی	24
دفتر	24
رفتن	24
لازم	24
میده	24
نبرد	24
نظام	24
نقشه	24
نیرو	24
کمتر	24
اگه	24
بنا	24
چهارشنبه‌سوری	23
خاتم‌الانبیا	23
کشته‌شدگان	23
تیراندازی	23
هم‌اکنون	23
اقدامات	23
خانواده	23
نیویورک	23
انتقال	23
تصویری	23
شامگاه	23
شهریار	23
مهرشهر	23
میلرزه	23
می‌کنن	23
ابراز	23
خسارت	23
روابط	23
فردیس	23
مانند	23
محدود	23
منافع	23
چندتا	23
بازم	23
جاری	23
خورد	23
دوره	23
زنان	23
زودی	23
سریع	23
شهید	23
قبلی	23
هستن	23
کویت	23
ترک	23
حرف	23
ماهواره‌ای	22
اقتصادی	22
بازسازی	22
برگزاری	22
بزرگراه	22
هم‌زمان	22
ارسالی	22
سرنگون	22
آلمان	22
تمامی	22
خارجی	22
خورده	22
مرتبط	22
مرحله	22
پیشتر	22
الله	22
عجیب	22
فاکس	22
فعلا	22
محمد	22
نیاز	22
کدوم	22
هوا	22
گاز	22
تن	22
چی	22
آمریکایی‌ها	21
غیرنظامیان	21
بزرگ‌ترین	21
تهرانپارس	21
آیت‌الله	21
ایست‌های	21
بنابراین	21
می‌کردند	21
تهرانسر	21
معترضان	21
نیاوران	21
افرادی	21
امریکا	21
خواسته	21
مسکونی	21
اطلاع	21
تامین	21
مجبور	21
مجروح	21
ندارم	21
واقعی	21
پنجره	21
چیتگر	21
حسین	21
خارک	21
رسما	21
فرصت	21
قطعی	21
ورود	21
جای	21
خون	21
میز	21
همسایگان	20
پناهندگی	20
خودداری	20
ماموریت	20
پنتاگون	20
کنفرانس	20
انسانی	20
بگیرند	20
خواهید	20
سال‌ها	20
سناتور	20
لرستان	20
هدفمند	20
چارچوب	20
گذاشته	20
اداره	20
ترجیح	20
ترکیه	20
تقویت	20
ثانیه	20
خواند	20
دقیقا	20
رسیدن	20
ساعات	20
متعدد	20
معترض	20
مکرون	20
نفتکش	20
نکنید	20
چهارم	20
گزینه	20
بودم	20
بیان	20
دوست	20
شریف	20
شمار	20
صادق	20
موقت	20
میشن	20
واحد	20
اند	20
بهش	20
نیم	20
جی	20
حد	20
خبرنگاران	19
گرفته‌اند	19
به‌زودی	19
تجهیزات	19
توانایی	19
عملیاتی	19
ماموران	19
می‌دهیم	19
می‌کنید	19
پناهگاه	19
آتش‌بس	19
اقدامی	19
داشتیم	19
نیستند	19
هیچ‌کس	19
احساس	19
تضمین	19
روبیو	19
زودتر	19
ساعتی	19
سردار	19
صنایع	19
منتقل	19
نیستم	19
کسانی	19
بردن	19
بشکه	19
روزه	19
مجری	19
مشهد	19
واقع	19
پارک	19
بشه	19
حزب	19
حفظ	19
فاز	19
فیک	19
هشت	19
وسط	19
کنن	19
اف	19
حل	19
تلویزیون	18
کرده‌ایم	18
ستارخان	18
سخنرانی	18
سلیمانی	18
پیشنهاد	18
اتفاقی	18
مبارزه	18
نیستیم	18
گراهام	18
آژانس	18
باشید	18
باشیم	18
تسنیم	18
تشدید	18
حدودا	18
حماسی	18
ذخیره	18
فراهم	18
نداشت	18
نسبتا	18
هدایت	18
گفتند	18
اراک	18
خاطر	18
ساخت	18
قبول	18
مبنی	18
گذار	18
بیت	18
تنش	18
خشم	18
عین	18
غیر	18
قوی	18
مهر	18
نگه	18
گوش	18
شش	18
برنامه‌ریزی	17
گزارش‌هایی	17
می‌توانیم	17
می‌خواهند	17
استرالیا	17
دادگستری	17
سی‌ان‌ان	17
سی‌بی‌اس	17
می‌خواهد	17
می‌دانید	17
گفته‌اند	17
آبراهام	17
تل‌آویو	17
نخواهند	17
نماینده	17
نهادهای	17
هماهنگی	17
افتاده	17
جانشین	17
حاکمیت	17
زلنسکی	17
شرایطی	17
متحدان	17
مریوان	17
منیریه	17
ادعای	17
بستگی	17
بگویم	17
تجاوز	17
دولتی	17
رسانه	17
سیاست	17
شماری	17
صداها	17
معرفی	17
مونیخ	17
کوتاه	17
برسد	17
بعدش	17
بهتر	17
جوری	17
دنیا	17
سوال	17
شاهد	17
شبیه	17
شعار	17
صدها	17
صدور	17
عملا	17
فضای	17
قطعا	17
محسن	17
موفق	17
پارس	17
حجم	17
حسن	17
خرم	17
شکل	17
غرق	17
یاد	17
ام	17
خب	17
شه	17
خیابان‌ها	16
می‌توانند	16
گزارش‌های	16
جنت‌آباد	16
رسانه‌ای	16
نمی‌دونم	16
کشتی‌های	16
گروه‌های	16
استارمر	16
غیرقابل	16
فرستاده	16
می‌توان	16
نوبنیاد	16
اتوبان	16
ارتباط	16
ارتفاع	16
اعتراض	16
تاریخی	16
تعدادی	16
خطرناک	16
صداهای	16
نوشتند	16
پارچین	16
پیشرفت	16
اربیل	16
البته	16
بازار	16
ترجمه	16
تشکیل	16
تقاطع	16
تلفات	16
حفاظت	16
سرباز	16
صدایی	16
منفجر	16
مواضع	16
میدیم	16
میومد	16
هنگام	16
پوتین	16
ژنرال	16
کشوری	16
یافته	16
اتاق	16
اتمی	16
ثبات	16
جلوی	16
حوزه	16
خواب	16
سابق	16
سیما	16
شرقی	16
فردی	16
منجر	16
مکان	16
نهاد	16
پدرش	16
پنجم	16
کاتز	16
گفتم	16
یابد	16
بده	16
جمع	16
رنگ	16
عصر	16
مگر	16
آب	16
حق	16
نمی‌خواهیم	15
امیرحسین	15
رسانه‌ها	15
مهم‌ترین	15
می‌خواهم	15
چهره‌های	15
استقرار	15
الجزیره	15
بیشترین	15
حمله‌ای	15
فرستنده	15
می‌زنند	15
می‌شوند	15
نخواهیم	15
پاکستان	15
پهپادها	15
آستانه	15
آمادگی	15
اژه‌ای	15
تهدیدی	15
خونمون	15
شهرهای	15
شهروند	15
می‌رسد	15
امسال	15
بنزین	15
بودیم	15
تضعیف	15
حادثه	15
دومین	15
رفتار	15
زندان	15
شنیدم	15
شهران	15
فضایی	15
مارکو	15
میکنم	15
کنونی	15
بازی	15
بستن	15
حساب	15
سالم	15
سرعت	15
شویم	15
طبقه	15
طرشت	15
ماند	15
متحد	15
ممتد	15
وقوع	15
اکس	15
ایم	15
خیر	15
سفر	15
سپس	15
ونس	15
کیش	15
جز	15
بمب‌افکن‌های	14
ساختمان‌های	14
فرمانداری	14
نمی‌تواند	14
گزینه‌های	14
گسترده‌ای	14
تاماهاوک	14
تحریم‌ها	14
خرم‌آباد	14
سلاح‌های	14
عذرخواهی	14
غیرنظامی	14
منتشرشده	14
هوانیروز	14
پیشنهادی	14
روبه‌رو	14
نمی‌کند	14
اختلال	14
اهدافی	14
تصمیمی	14
تلگرام	14
دسترسی	14
قانونی	14
لینکلن	14
موافقت	14
میخواد	14
نزدیکه	14
پرداخت	14
اخبار	14
البرز	14
انقدر	14
تکرار	14
حاشیه	14
خدمات	14
داداش	14
دورتر	14
ذخایر	14
ظاهرا	14
لحظات	14
مانده	14
مخالف	14
مسیول	14
مشاور	14
موساد	14
پرسید	14
آنجا	14
اینا	14
تصور	14
حریم	14
دختر	14
سطحی	14
سفیر	14
فردا	14
قشنگ	14
مدام	14
مهمی	14
موضع	14
ناشی	14
نشون	14
نکرد	14
هشتم	14
همسر	14
پرند	14
گیشا	14
ترس	14
رعد	14
طرح	14
فرق	14
قلب	14
قول	14
وال	14
کمی	14
خط	14
ضد	14
پر	14
برنامه‌های	13
استراتژیک	13
تلویزیونی	13
نمی‌خواهم	13
ویدیوهایی	13
امیدوارم	13
ان‌بی‌سی	13
به‌دنبال	13
بی‌سابقه	13
زعفرانیه	13
ساختمانی	13
اتحادیه	13
ارزیابی	13
به‌صورت	13
دخترانه	13
غنی‌شده	13
ونزویلا	13
پدافندی	13
کارکنان	13
کشتی‌ها	13
احترام	13
استریت	13
بهترین	13
خودشان	13
دوستان	13
سرنوشت	13
شریعتی	13
صادرات	13
عسلویه	13
مشاهده	13
مصنوعی	13
میکنیم	13
نیروها	13
پاکدشت	13
باقری	13
بزنید	13
بزودی	13
جمعیت	13
زمینه	13
سومین	13
شبانه	13
فهرست	13
محسوب	13
مسیله	13
میرسه	13
هرچند	13
پردیس	13
پزشکی	13
پیشین	13
کشورش	13
کوشنر	13
افکن	13
اینه	13
تروث	13
دریا	13
دیدن	13
زرهی	13
سران	13
شجاع	13
شدیم	13
شهدا	13
عظیم	13
قبلا	13
مطلع	13
مهدی	13
موجی	13
میگه	13
نکند	13
واسه	13
چهلم	13
کشتن	13
کلیه	13
یوسف	13
الی	13
بشر	13
جنت	13
حکم	13
سپه	13
سید	13
شدم	13
نشد	13
همت	13
یزد	13
یهو	13
جت	13
هک	13
آیت‌الله‌ها	12
فوق‌العاده	12
هواپیماهای	12
ایرانی‌ها	12
سپاسگزارم	12
گفت‌وگوها	12
بازگشایی	12
بی‌بی‌سی	12
تلاش‌های	12
محمدباقر	12
مرزداران	12
نفتکش‌ها	12
نمی‌دانم	12
نمی‌کنیم	12
پشتیبانی	12
اروپایی	12
اطمینان	12
ایتالیا	12
بخواهند	12
به‌گفته	12
جایگزین	12
راهبردی	12
سرنگونی	12
سهروردی	12
شهرداری	12
می‌داند	12
می‌گویم	12
نیمه‌شب	12
اسکورت	12
اندازه	12
ببینید	12
تجمعات	12
تحولات	12
تنش‌ها	12
حکیمیه	12
خواهان	12
شدیدتر	12
نداشته	12
نگرانی	12
ولیعصر	12
پرونده	12
اتخاذ	12
اهمیت	12
ببینم	12
بحران	12
برسیم	12
بصورت	12
تجاری	12
توضیح	12
سبلان	12
سرمون	12
سعادت	12
سوشال	12
طراحی	12
علاوه	12
متوجه	12
میزان	12
می‌شه	12
ندیده	12
نقاطی	12
نگران	12
ورودی	12
پیاپی	12
پیروز	12
کردها	12
کردید	12
آنکه	12
اردن	12
برده	12
بقیه	12
بندر	12
بنظر	12
جاده	12
خالی	12
خدمه	12
دهید	12
دکتر	12
دیدم	12
راضی	12
روزی	12
سوری	12
سیاه	12
شادی	12
عهده	12
قایم	12
ماست	12
محلی	12
میرن	12
نزده	12
نگاه	12
هرچه	12
واضح	12
گفتن	12
آبی	12
آمد	12
درک	12
رای	12
غرش	12
قوه	12
نقض	12
نمی	12
هوش	12
چکش	12
کوه	12
قدرتمندترین	11
مین‌گذاری	11
بازارهای	11
بازیکنان	11
بسیجی‌ها	11
تهدیدهای	11
سایت‌های	11
شعله‌های	11
همان‌طور	11
استقلال	11
اضطراری	11
اندیمشک	11
بمب‌های	11
تروریسم	11
می‌گیرد	11
نمی‌کنم	11
نگهداری	11
کارولین	11
کمیسیون	11
یسراییل	11
اقتصاد	11
الغدیر	11
ایتلاف	11
این‌ها	11
این‌که	11
ببینیم	11
حملاتی	11
دادگاه	11
دستگاه	11
روبروی	11
شمخانی	11
قضاییه	11
لحظاتی	11
لیندزی	11
مدیریت	11
معمولا	11
موفقیت	11
واقعیت	11
پایتخت	11
کارزار	11
گذاشتن	11
آوردن	11
اگرچه	11
بردیم	11
برسند	11
بغداد	11
بگیرد	11
بگیرن	11
تحویل	11
تداوم	11
تمرکز	11
جایزه	11
خواهم	11
درگیر	11
دریای	11
دلاری	11
سخنان	11
شدیدی	11
شهرری	11
شیران	11
ضمیمه	11
طبیعی	11
فرصتی	11
فوریه	11
محسنی	11
منتسب	11
مواجه	11
هزینه	11
چگونه	11
کرمان	11
کلیدی	11
گسترش	11
آثار	11
احمد	11
امیر	11
بدید	11
بهار	11
حاصل	11
خصوص	11
خطیب	11
خودم	11
زهرا	11
ضعیف	11
طوری	11
قاسم	11
قلعه	11
مالی	11
مسجد	11
هییت	11
ژوین	11
کافی	11
ازش	11
برج	11
بچه	11
جرد	11
جسد	11
حدی	11
دفن	11
ضمن	11
فرا	11
قتل	11
قید	11
لغو	11
مرز	11
مین	11
نهم	11
کشت	11
کین	11
بن	11
فک	11
کف	11
کی	11
خبرگزاری‌های	10
آماده‌سازی	10
آماده‌ایم	10
درگیری‌ها	10
نمایندگان	10
ارتباطات	10
بلافاصله	10
بوده‌اند	10
جمع‌آوری	10
می‌نویسد	10
پایین‌تر	10
بتوانند	10
تسلیحات	10
تهرانیم	10
شعارهای	10
غلامرضا	10
محرمانه	10
هرمزگان	10
همه‌چیز	10
هوافضای	10
ورزشگاه	10
افتخار	10
اقدسیه	10
انتقاد	10
بمانند	10
بگیرید	10
بگیریم	10
تهاجمی	10
دماوند	10
سلامتی	10
علیرضا	10
قوانین	10
محافظت	10
مشارکت	10
نمانده	10
پادکست	10
یوتیوب	10
ابتدا	10
افتاد	10
اقلیم	10
اومدن	10
بماند	10
بنادر	10
بیروت	10
تصویب	10
توسعه	10
جامعه	10
جلوتر	10
جنایت	10
جی‌دی	10
خلبان	10
دارید	10
دزفول	10
دسترس	10
دشوار	10
رابطه	10
روبرو	10
زنجان	10
سواحل	10
سپرده	10
شکاری	10
فاطمی	10
مجددا	10
مجموع	10
محوطه	10
مدارس	10
مردمی	10
مسایل	10
مشخصه	10
مشروع	10
منتظر	10
منصوب	10
موارد	10
نباشد	10
نمیاد	10
ورزشی	10
پنهان	10
کشتار	10
کمیته	10
گردید	10
گرفتم	10
گفتید	10
یکسان	10
آسان	10
آمار	10
اجرا	10
بابا	10
بکشد	10
بیست	10
ثابت	10
جمعی	10
حماس	10
خارگ	10
خروج	10
درون	10
زدیم	10
ساقط	10
شورا	10
فرود	10
قاطع	10
مجوز	10
مرده	10
مشکل	10
مواد	10
نجات	10
هیچی	10
پرچم	10
پستی	10
کشید	10
آقا	10
دهم	10
زود	10
شیخ	10
عدم	10
عمق	10
فاش	10
فنی	10
پدر	10
پول	10
کره	10
کلا	10
مسالمت‌آمیز	9
فعالیت‌های	9
استانداری	9
البوسعیدی	9
سوخت‌رسان	9
هم‌میهنان	9
بزرگترین	9
متاسفانه	9
پژوهشگاه	9
کشته‌شده	9
کنسولگری	9
اختصاصی	9
استقبال	9
اعتراضی	9
اقیانوس	9
امانویل	9
انفجاری	9
برادران	9
بمبارون	9
به‌ویژه	9
تبلیغات	9
تحقیقات	9
جانشینی	9
جداگانه	9
خیلی‌ها	9
زرافشان	9
زیرساخت	9
شیشه‌ها	9
فرانسوی	9
ماهواره	9
مقام‌ها	9
می‌گرفت	9
پرزیدنت	9
چهارراه	9
اعتراف	9
افسریه	9
انتهای	9
بالاتر	9
براساس	9
برقرار	9
بهداشت	9
بی‌قید	9
خودشون	9
خورشید	9
راه‌حل	9
سایبری	9
طالقان	9
ماه‌ها	9
مجیدیه	9
مشابهی	9
معلومه	9
می‌رسه	9
نخجوان	9
نیابتی	9
پاینده	9
چندروز	9
کانادا	9
کرملین	9
کهریزک	9
آشکار	9
آگاهی	9
اجرای	9
اسمون	9
اماکن	9
بارها	9
بارون	9
بهتری	9
بهشتی	9
بیاید	9
تعطیل	9
تکذیب	9
خودرو	9
درستی	9
رادان	9
رضایی	9
ریاست	9
زلزله	9
سابقه	9
ساعته	9
شدیدا	9
شناور	9
عزیزم	9
قراره	9
ماجرا	9
مداوم	9
مشابه	9
موسسه	9
نبوده	9
نوروز	9
نکنیم	9
هلاکت	9
پرسشی	9
گروسی	9
آژیر	9
ایده	9
باخت	9
باره	9
باشن	9
بهای	9
بهشت	9
جانی	9
جبهه	9
حساس	9
خاتم	9
خانم	9
خدمت	9
خرید	9
راهی	9
ساکن	9
سختی	9
سکوت	9
شکلی	9
صنعت	9
ظاهر	9
فلکه	9
فورد	9
قبلش	9
لزوم	9
منزل	9
نفری	9
نیمه	9
چهره	9
گذشت	9
اسم	9
بدی	9
بله	9
جهت	9
دقت	9
ربع	9
زنگ	9
سخت	9
سری	9
سپر	9
شیر	9
متن	9
نشه	9
یکم	9
اس	9
تل	9
سی	9
بازداشت‌شدگان	8
توانمندی‌های	8
ریاست‌جمهوری	8
دانشگاه‌های	8
اطلاعیه‌ای	8
خواهشمندیم	8
پرتابگرهای	8
استارلینک	8
سیاست‌های	8
مجموعه‌ای	8
نمی‌توانم	8
کارشناسان	8
کانال‌های	8
گفت‌وگویی	8
ابوالفضل	8
انبارهای	8
بمب‌افکن	8
تسلیحاتی	8
شرکت‌های	8
فایننشال	8
می‌دانند	8
وحشتناکی	8
پیامدهای	8
پیش‌نویس	8
کشتیرانی	8
گفت‌وگوی	8
انفجاره	8
ایستگاه	8
بالاخره	8
بنویسید	8
بگذارند	8
خودشونو	8
خیابونا	8
درآمدند	8
سربازان	8
صحنه‌ای	8
عکس‌های	8
فراخوان	8
لحظه‌ای	8
محافظان	8
میلیارد	8
می‌زنیم	8
نمی‌دهد	8
وب‌سایت	8
پارکینگ	8
کارشناس	8
آبادان	8
اجرایی	8
ارومیه	8
الزهرا	8
انتصاب	8
بازگشت	8
بتواند	8
بمانید	8
بمنظور	8
به‌سمت	8
تمامیت	8
جاسوسی	8
خسارات	8
خودمون	8
دوربین	8
دیه‌گو	8
رسیدگی	8
روستای	8
ساختار	8
لویزان	8
مختلفی	8
مقرهای	8
مناطقی	8
موقعیت	8
میدانی	8
می‌دهم	8
ناامید	8
ناوگان	8
کشورای	8
گارسیا	8
گرمدره	8
آن‌جا	8
اخیرا	8
اسلحه	8
اظهار	8
اکانت	8
باکری	8
بخاطر	8
برادر	8
بزنیم	8
بگیرم	8
جنازه	8
خطرات	8
دوران	8
دیدیم	8
ریخته	8
زیاده	8
سلامت	8
شهادت	8
شواهد	8
شکسته	8
عجیبی	8
فجیره	8
فیلمی	8
مخازن	8
مطمین	8
مناسب	8
موافق	8
ناوچه	8
ندارن	8
نواحی	8
هامون	8
هستید	8
آبان	8
آویو	8
ازگل	8
امید	8
اوین	8
باور	8
جواب	8
حیدر	8
خطوط	8
زبان	8
ستون	8
شخصی	8
صحنه	8
عمدا	8
فعلی	8
قادر	8
لویت	8
متهم	8
مثبت	8
محور	8
میدن	8
میوه	8
نظیر	8
هادی	8
هایی	8
پسرش	8
پونک	8
چقدر	8
ژاپن	8
کوپر	8
گاهی	8
آدم	8
امد	8
باغ	8
بدر	8
برن	8
توش	8
خام	8
دنا	8
رفع	8
روش	8
سرش	8
صفر	8
ضبط	8
ضرب	8
فرد	8
لیا	8
مال	8
مرد	8
نوع	8
هند	8
دم	8
زن	8
نو	8
هی	8
پل	8
کس	8
مذاکره‌کنندگان	7
اینترنشنال	7
باقی‌مانده	7
خزانه‌داری	7
ذخیره‌سازی	7
آتش‌نشانی	7
بیانیه‌اش	7
دانش‌آموز	7
زیردریایی	7
شبه‌نظامی	7
غیرمستقیم	7
موشک‌هایی	7
مکان‌هایی	7
نازی‌آباد	7
هزینه‌های	7
هواپیماها	7
هواپیمایی	7
پایگاه‌ها	7
باباییان	7
بخش‌هایی	7
بهارستان	7
داده‌ایم	7
رفته‌اند	7
سیدخندان	7
شناورهای	7
شیشه‌های	7
مکان‌های	7
میرداماد	7
می‌خوایم	7
می‌گیریم	7
نت‌بلاکس	7
نقطه‌زنی	7
نمیدونیم	7
کشته‌شدن	7
اتفاقات	7
العربیه	7
انداختن	7
بازیابی	7
بخواهیم	7
برایشان	7
به‌دلیل	7
سال‌های	7
سرکوبگر	7
سنگرشکن	7
صدراعظم	7
عمیق‌تر	7
مخابرات	7
میلرزید	7
می‌دانم	7
می‌شدند	7
نزدیکان	7
هفته‌ای	7
ویدیوها	7
پادشاهی	7
پیشرفته	7
کشورمان	7
کیلومتر	7
گفته‌ام	7
آبادیم	7
آب‌های	7
آنلاین	7
اختفای	7
انهدام	7
اولویت	7
اونارو	7
بخواهد	7
بروجرد	7
بقایای	7
توییتر	7
درگذشت	7
شاهدان	7
شناخته	7
طرف‌ها	7
عده‌ای	7
فناوری	7
قیطریه	7
متفاوت	7
متمرکز	7
معاونت	7
ملاقات	7
میکردن	7
می‌دیم	7
می‌زنم	7
نادرست	7
نداشتم	7
نرسیده	7
نگرفته	7
همراهش	7
ژانویه	7
کاربری	7
آسیبی	7
آموزش	7
ابوذر	7
اجساد	7
اخراج	7
اراده	7
اساسا	7
اسکله	7
اعمال	7
الانم	7
اوضاع	7
ایسنا	7
ایوان	7
بقایی	7
تاثیر	7
تجربه	7
تجزیه	7
تحلیل	7
ترتیب	7
تصریح	7
تعقیب	7
توجهی	7
حرفای	7
حسابی	7
خمینی	7
دانست	7
دلایل	7
دوبار	7
رسالت	7
رساند	7
ریختن	7
سرویس	7
سلطان	7
شجاعت	7
شدیده	7
شنیدن	7
ضربات	7
ظرفیت	7
عدالت	7
عراقی	7
عناصر	7
فارسی	7
فراتر	7
فراجا	7
فرهنگ	7
قدرتی	7
لانچر	7
لرزشش	7
ماهیت	7
مخصوص	7
مراحل	7
مراقب	7
مسدود	7
معنای	7
ملارد	7
ممنوع	7
منتهی	7
مکانی	7
میکند	7
نباشه	7
نداده	7
نشوند	7
نشوید	7
نیومد	7
همچین	7
واقعه	7
پرهیز	7
پروژه	7
کجاست	7
کشیده	7
کی‌یر	7
گرامی	7
یدونه	7
آنان	7
ارضی	7
ازین	7
برنت	7
بعدا	7
ترقه	7
تصرف	7
تکون	7
جعلی	7
حتما	7
حیاط	7
دروغ	7
دوام	7
دودی	7
راحت	7
رسان	7
ریاض	7
سازی	7
سالن	7
سوله	7
سینا	7
عبری	7
علنی	7
فلاح	7
قالب	7
قدیم	7
قیام	7
لباس	7
لشکر	7
مادر	7
مارس	7
مبدا	7
مجید	7
مدیر	7
مهار	7
میدم	7
ناتو	7
نازی	7
نفوذ	7
نوعی	7
هفتم	7
هویت	7
کنون	7
کوچک	7
یسری	7
اصل	7
جام	7
حمل	7
زدم	7
شاه	7
شخص	7
شکن	7
شیش	7
صبر	7
علت	7
فرح	7
نسل	7
هتل	7
وصل	7
دن	7
شن	7
پا	7
انفجارهایی	6
ساختمان‌ها	6
عملیات‌های	6
میانجی‌گری	6
می‌خواستند	6
نشان‌دهنده	6
هوش‌مصنوعی	6
گفت‌وگوهای	6
ابوالقاسم	6
برآوردهای	6
برنامه‌ای	6
بین‌الملل	6
ترقه‌بازی	6
داشته‌اند	6
نمی‌تونیم	6
کوتاه‌مدت	6
امیدواری	6
ایستادگی	6
تخلیه‌ای	6
حرومزاده	6
خودروهای	6
دیده‌اند	6
دیکتاتور	6
رادارهای	6
غلامحسین	6
فرماندار	6
مازندران	6
مسلمانان	6
میلرزونه	6
مین‌گذار	6
نجف‌آباد	6
نیم‌ساعت	6
هفته‌های	6
همین‌طور	6
پتروشیمی	6
کشورهایی	6
ارتباطی	6
اطلاعیه	6
الانبیا	6
انداخته	6
ایستاده	6
باغستان	6
بخش‌های	6
بردارند	6
بپیوندد	6
بی‌ثبات	6
بی‌گناه	6
ترمینال	6
تلاش‌ها	6
ثارالله	6
حسن‌خان	6
خریداری	6
دیپلمات	6
ضربه‌ای	6
عبدالله	6
قدرتمند	6
محدودیت	6
مستقیما	6
معنادار	6
مهراباد	6
می‌تونه	6
می‌زدند	6
نمی‌شود	6
ننویسید	6
پیکرهای	6
چندساعت	6
چیزهایی	6
کارخانه	6
کوه‌های	6
گزارشگر	6
گفتگوها	6
آغازین	6
ابتدای	6
اختلاف	6
افراطی	6
افزوده	6
انتقام	6
اندیشه	6
اپستین	6
باشگاه	6
بالگرد	6
برعلیه	6
تاریکی	6
ترابری	6
ترافیک	6
جانتان	6
جراحات	6
حمله‌ی	6
خاوران	6
خودتان	6
دانشجو	6
دبیرکل	6
دختران	6
دشمنان	6
دهه‌ها	6
رایگان	6
رسانده	6
روبیکا	6
روزانه	6
ساکنان	6
سیستمی	6
صادقیه	6
صلواتی	6
فرهنگی	6
لرزوند	6
متقابل	6
محتوای	6
مدیرکل	6
مشکلات	6
مهاجرت	6
موضوعی	6
میسوزه	6
می‌آید	6
می‌داد	6
ناوشکن	6
نمونده	6
نمی‌شه	6
همراهی	6
همواره	6
ورامین	6
پاکپور	6
پرتابه	6
پیشبرد	6
پیچیده	6
چهارتا	6
چگونگی	6
گلستان	6
یدیعوت	6
یکدیگر	6
آورده	6
اتهام	6
ازشون	6
استاد	6
امداد	6
انبوه	6
انجمن	6
اوایل	6
باهنر	6
بدجور	6
بدهند	6
بدهیم	6
برویم	6
بزنند	6
بمولا	6
بهشهر	6
بگیره	6
تجارت	6
تشخیص	6
تمایل	6
تمدید	6
تکمیل	6
جرالد	6
جنگده	6
حیاتی	6
دخالت	6
دلیلی	6
رادار	6
سوالی	6
سوریه	6
شهدای	6
شکنجه	6
قضایی	6
مامور	6
مجازی	6
مذکور	6
مستقل	6
مشورت	6
مشکلی	6
منظور	6
مهیبی	6
موتور	6
نیازی	6
همچون	6
وظیفه	6
چمران	6
چنلای	6
کجارو	6
گذاشت	6
یافتن	6
یکبار	6
اتکا	6
افسر	6
اینو	6
ببین	6
بدیم	6
برود	6
بریم	6
بسنت	6
بعثت	6
بیمه	6
تحمل	6
جدول	6
جزیی	6
جهاد	6
جواد	6
حاجی	6
خنثی	6
دونه	6
دیقه	6
رزمی	6
رنده	6
سمیه	6
شعبه	6
شهری	6
شکار	6
صدرا	6
صدوق	6
صرفا	6
عادی	6
عرضه	6
علوم	6
عمیق	6
فروش	6
قبال	6
لیتر	6
مانع	6
مترو	6
مثلا	6
مختل	6
مرزی	6
مسکو	6
مصلی	6
معرض	6
موثر	6
موجب	6
موقع	6
میره	6
میشد	6
ندید	6
نطنز	6
نظرم	6
نمود	6
نکنم	6
هدفی	6
هرچی	6
هستش	6
هسته	6
همگی	6
وحوش	6
پناه	6
کوبا	6
یکیش	6
بند	6
بهم	6
بوم	6
بگم	6
تاش	6
تخت	6
جدا	6
حدس	6
حین	6
خدا	6
رصد	6
رقم	6
زنی	6
سرخ	6
صرف	6
عرض	6
فوق	6
مگه	6
همش	6
وجه	6
پای	6
چسب	6
چنل	6
چهل	6
کشف	6
کنی	6
گام	6
بس	6
ته	6
جو	6
وی	6
کن	6
ایران‌اینترنشنال	5
غافلگیری‌های	5
احمدی‌نژاد	5
امکان‌پذیر	5
تخت‌روانچی	5
درگیری‌های	5
طولانی‌مدت	5
نمی‌توانند	5
جلالی‌نسب	5
حشدالشعبی	5
داشته‌ایم	5
دموکراتیک	5
رادیوفردا	5
زمان‌بندی	5
شاهین‌شهر	5
صداوسیمای	5
صهیونیستی	5
ضرب‌الاجل	5
عقب‌نشینی	5
میلیون‌ها	5
نکرده‌اند	5
نکرده‌ایم	5
وزارتخانه	5
وزیرخارجه	5
آزادسازی	5
آینده‌ای	5
اختیارات	5
استراتژی	5
اظهاراتی	5
اقداماتی	5
امیرکبیر	5
انفجارای	5
ای‌بی‌سی	5
برخوردار	5
تاسیساتی	5
تیموریان	5
خیابونای	5
دبیرخانه	5
دقیقه‌ای	5
دولت‌های	5
ساعت‌های	5
سریلانکا	5
شنیده‌ام	5
صلح‌آمیز	5
عبداللهی	5
فدراسیون	5
قراردادن	5
مدیترانه	5
مدیرعامل	5
مرحله‌ای	5
میاندازد	5
می‌توانم	5
می‌کردیم	5
ولادیمیر	5
پنجره‌ها	5
پولیتیکو	5
کارمندان	5
کیلومتری	5
گزینه‌ها	5
آبدانان	5
ابتدایی	5
ابراهیم	5
اردوغان	5
اردوگاه	5
استبداد	5
انتقالی	5
انجامید	5
اندرزگو	5
اورشلیم	5
اینجوری	5
اینطوری	5
برداشتن	5
به‌سرعت	5
بچه‌های	5
بی‌وقفه	5
تنش‌های	5
تیم‌های	5
جزییاتی	5
خوشه‌ای	5
خیابانی	5
دادستان	5
دانشجوی	5
دموکرات	5
شهروندی	5
شکوفایی	5
صادقانه	5
طرح‌های	5
طرف‌های	5
غیررسمی	5
فروپاشی	5
فووووری	5
فیرفورد	5
قدردانی	5
ماه‌های	5
مجروحان	5
مسیرهای	5
مسیولیت	5
معتقدند	5
معتقدیم	5
می‌افتد	5
می‌لرزه	5
هابرماس	5
همینطور	5
وردآورد	5
چهارمین	5
کشورشان	5
گام‌های	5
یادآوری	5
یک‌شنبه	5
آلمانی	5
آموزشی	5
ابادیم	5
ابوظبی	5
اخلاقی	5
استناد	5
اعتماد	5
الظفره	5
انگلیس	5
اینبار	5
اینقدر	5
بابایی	5
بازنشر	5
بالقوه	5
برآورد	5
بسازند	5
بسازیم	5
تاحالا	5
تمایلی	5
جنگیدن	5
جوانان	5
خاموشی	5
خرمشهر	5
خودروی	5
خونشون	5
دارایی	5
دیوانه	5
رافایل	5
روانسر	5
رویداد	5
ری‌اکت	5
سخنانی	5
سنگینی	5
شب‌های	5
فراموش	5
فردوسی	5
قوی‌تر	5
لواسون	5
لوکیشن	5
مجازات	5
محدودی	5
مدیران	5
مصونیت	5
مقایسه	5
ممنونم	5
مواجهه	5
میانجی	5
میخوان	5
میدونم	5
میکوبه	5
می‌رفت	5
می‌زنن	5
همدیگه	5
واگذار	5
ویرانی	5
پاستور	5
پانزده	5
پایانه	5
پایدار	5
پروازی	5
پشیمان	5
پیوستن	5
چیزهای	5
کارهای	5
گروگان	5
یادآور	5
یادتون	5
یک‌بار	5
آخوند	5
اتابک	5
اسمشه	5
امینی	5
ایالت	5
باراک	5
بتونه	5
بداند	5
برتری	5
برگشت	5
بهشون	5
بکشیم	5
بیدار	5
بیفتد	5
تاخیر	5
تردید	5
تشییع	5
جاهای	5
جراحی	5
حقیقت	5
خرداد	5
خشونت	5
داوود	5
دایمی	5
درسته	5
درمان	5
دنیای	5
دهقان	5
رادیو	5
راوید	5
راکتی	5
رسمیت	5
رهایی	5
روایت	5
روزها	5
روستا	5
روشنی	5
رگبار	5
زاویه	5
سرتیپ	5
سریال	5
سپاهی	5
شایعه	5
شرکای	5
شریعت	5
شماست	5
شکستن	5
ضاحیه	5
غرامت	5
فاطمه	5
فریاد	5
قانون	5
قریشی	5
قواعد	5
لیویت	5
مادرش	5
ماندن	5
مبارک	5
مرتکب	5
مطابق	5
معتبر	5
معمول	5
ملاها	5
ملایر	5
منبعی	5
می‌شن	5
نتایج	5
نکردم	5
نکردن	5
نکنند	5
هرانا	5
هیچکس	5
پاسخی	5
پریدم	5
پشمام	5
چیزیه	5
کتایب	5
کشتند	5
کشتیم	5
کلاهک	5
کمبود	5
کنارش	5
کننده	5
کنگره	5
یوسفی	5
آتیش	5
آوار	5
آورد	5
امان	5
امضا	5
امین	5
اونم	5
ایتا	5
ایمن	5
باکو	5
ببرد	5
ببره	5
بدهد	5
بعید	5
بیاد	5
تاسف	5
تحقق	5
تردد	5
ترکش	5
تسلط	5
تشکر	5
تعجب	5
تلقی	5
تهیه	5
ثروت	5
حاوی	5
حمید	5
خاصی	5
خایه	5
خوشه	5
دادم	5
داری	5
درجه	5
درود	5
دسته	5
دعوت	5
دفعه	5
دوبی	5
دوحه	5
دودش	5
دوری	5
ریدم	5
ساتو	5
سنگر	5
شخصا	5
شدنه	5
شعله	5
صالح	5
عامل	5
عینی	5
قاتل	5
قبرس	5
قرچک	5
قطعه	5
قلهک	5
لندن	5
مالک	5
محقق	5
مدتی	5
مرتس	5
مطلب	5
نحوه	5
ندهد	5
نسیم	5
نشدن	5
نعیم	5
وکیل	5
ویلا	5
پایش	5
پدرم	5
پودر	5
پوشش	5
چالش	5
چرخه	5
کروز	5
کلمه	5
گازی	5
گردن	5
گنبد	5
گوشه	5
گیرد	5
ایت	5
بدن	5
بوی	5
تاج	5
تار	5
تای	5
جون	5
دهه	5
راس	5
رسد	5
رشد	5
رها	5
سبز	5
سخن	5
شعب	5
صحت	5
صفه	5
ضرر	5
عرب	5
غزه	5
فصل	5
فیض	5
قشم	5
لار	5
نفع	5
نیت	5
هنر	5
هنگ	5
وضع	5
پور	5
چشم	5
گرد	5
گیر	5
ان	5
شر	5
صف	5
چپ	5
برنامه‌ریزی‌های	4
تلافی‌جویانه	4
تعیین‌کننده	4
توانایی‌های	4
جان‌باختگان	4
جمهوری‌خواه	4
خانواده‌های	4
سیگنال‌هایی	4
محدودیت‌های	4
آسوشیتدپرس	4
بریتانیایی	4
بعضی‌هاشون	4
تصمیم‌گیری	4
خانواده‌ها	4
دارایی‌های	4
دانشگاه‌ها	4
درحال‌حاضر	4
دوربین‌های	4
سرنوشت‌ساز	4
سنگین‌ترین	4
شیروخورشید	4
فیلمبرداری	4
ماکویی‌پور	4
مرگبارترین	4
نشانه‌هایی	4
گزینه‌هایی	4
الکترونیک	4
ایرانیانی	4
تحریم‌های	4
خمینی‌شهر	4
درباره‌اش	4
سپاهانشهر	4
سیدالشهدا	4
فرانکفورت	4
مصاحبه‌ای	4
مکان‌یابی	4
میانجیگری	4
می‌توانید	4
نداده‌اند	4
همسایه‌ها	4
پیشگیرانه	4
چشم‌انداز	4
کوتاه‌برد	4
کوچک‌ترین	4
آمده‌اند	4
استاندار	4
امریکایی	4
بانک‌های	4
بعدازظهر	4
بلندپایه	4
به‌تازگی	4
به‌همراه	4
بپیوندند	4
بی‌ثباتی	4
تانکرهای	4
حمله‌های	4
خانه‌های	4
داده‌های	4
دانشجویی	4
دموکراسی	4
دیتاسنتر	4
دیده‌بان	4
ساچمه‌ای	4
شلیک‌شده	4
عکس‌هایی	4
قیمت‌های	4
لایه‌های	4
ماموریتی	4
محاسباتی	4
مدرسه‌ای	4
مذاکراتی	4
مین‌هایی	4
می‌بینید	4
می‌دانیم	4
می‌گیرند	4
نزدیکانش	4
نشانه‌ای	4
نصیرزاده	4
نمی‌توان	4
نمی‌دهند	4
نمی‌دهیم	4
نمی‌دونه	4
هشدارهای	4
وحشتناکه	4
پیش‌بینی	4
کامرانیه	4
کوچه‌های	4
گفتگوهای	4
آتش‌بسه	4
آدم‌های	4
آسان‌تر	4
آژیرهای	4
احمدرضا	4
امیدوار	4
انفجارش	4
اورژانس	4
اونجارو	4
بازارها	4
باقرشهر	4
برقامون	4
برگردیم	4
بلندمدت	4
به‌شمار	4
بوسعیدی	4
تازه‌ای	4
تاکتیکی	4
تره‌بار	4
تفنگدار	4
تلگرامی	4
تماس‌ها	4
تهدیدات	4
تهدیدها	4
جاده‌ای	4
جروزالم	4
حرف‌های	4
حکمرانی	4
خطرناکه	4
خلبانان	4
خوزستان	4
دره‌شهر	4
دهه‌های	4
رانندگی	4
رهبرانی	4
سپتامبر	4
شهرهایی	4
صرف‌نظر	4
طالقانی	4
ظفرقندی	4
غافلگیر	4
غیرممکن	4
فرمانیه	4
فروشگاه	4
قطعنامه	4
قیمت‌ها	4
لرزیدیم	4
محمدشهر	4
مرزبانی	4
مشاوران	4
مشروعیت	4
موضوعات	4
می‌برند	4
می‌سوزه	4
می‌شنوم	4
نابودیه	4
نامحدود	4
نامه‌ای	4
نداشتند	4
نظامیان	4
نقطه‌ای	4
نمیتونم	4
نمیخواد	4
نمیدونن	4
نه‌تنها	4
نیازهای	4
هیچگونه	4
وحشیانه	4
ویژه‌ای	4
پرتابگر	4
پیرامون	4
چنل‌های	4
کاربران	4
کارنامه	4
کارهایی	4
کانفینگ	4
کبریایی	4
کرده‌ام	4
گروه‌ها	4
ابتکار	4
اجباری	4
اخباری	4
استوار	4
اشتراک	4
اعتبار	4
امتداد	4
اون‌ها	4
اکثریت	4
ایرانه	4
بازنده	4
بازیگر	4
بالایی	4
بریانک	4
بسیجیا	4
بفرسته	4
بن‌بست	4
بهبهان	4
به‌روز	4
به‌شکل	4
بگویند	4
بیماری	4
تاریکه	4
ترسیدن	4
تهرانم	4
تهرانه	4
تهرانو	4
جاهایی	4
حامیان	4
حداکثر	4
خصمانه	4
خوانده	4
خودکشی	4
دالگچی	4
درحالی	4
دردناک	4
دستگیر	4
دشواری	4
دلخراش	4
دوازده	4
دیگران	4
راداری	4
ردیابی	4
رویکرد	4
ریشتری	4
سارینا	4
سخت‌تر	4
سراسری	4
سمت‌ها	4
سه‌راه	4
سوختگی	4
سکوهای	4
شهریور	4
شیرازی	4
صداشون	4
طالبان	4
عزیزان	4
عملکرد	4
فروخته	4
فلسطین	4
ماکرون	4
ماکویی	4
متعددی	4
مجاورت	4
مخالفت	4
مربوطه	4
مرگبار	4
مطمینم	4
معتقدم	4
مقررات	4
منابعی	4
مناسبی	4
منظورم	4
مهم‌تر	4
میگفتن	4
می‌برد	4
می‌زنه	4
می‌کشد	4
ناشناس	4
نامشخص	4
ناوبری	4
ناوهای	4
نشنیده	4
نمیکنه	4
نوجوان	4
نوروزی	4
نکردند	4
نکردیم	4
نگهبان	4
نیستید	4
هرجایی	4
هشتگرد	4
هفتمین	4
هواگرد	4
هیچوقت	4
واردات	4
واسشون	4
ولیعهد	4
پرستار	4
پرسیدم	4
پریدیم	4
پیگیری	4
چشمگیر	4
چندانی	4
کوبنده	4
کوبیده	4
گاییدن	4
گاییده	4
گفتگوی	4
آرامش	4
آرایش	4
آهنین	4
احضار	4
اداری	4
اراذل	4
اسمان	4
اسکات	4
افسری	4
اقامت	4
اندکی	4
اوباش	4
اوقات	4
ایرنا	4
اینها	4
باختن	4
باورم	4
ببرند	4
ببیند	4
بردند	4
بنابر	4
بهتون	4
بهمون	4
بوکان	4
بیدگل	4
تبادل	4
تبریک	4
تحقیق	4
تدوین	4
ترکید	4
تعویق	4
تفاوت	4
تقسیم	4
تنظیم	4
تواند	4
توصیه	4
تومان	4
جلالی	4
جلسات	4
حسینی	4
حضوری	4
خروجی	4
خصوصی	4
دارای	4
داماد	4
دقایق	4
دوستی	4
دوشکا	4
دیوان	4
راستا	4
رمضان	4
رهگیر	4
روانی	4
رودهن	4
رژیمی	4
زنانی	4
ساحلی	4
سالگی	4
سوختن	4
سپاهه	4
سیستم	4
شفیعی	4
شماره	4
صورتی	4
ضروری	4
عالمه	4
عباسی	4
عواقب	4
عوامل	4
فایده	4
فرزند	4
فرومن	4
فهمید	4
قدیمی	4
متولد	4
محمود	4
مراتب	4
مرتضی	4
مردمش	4
مشغول	4
مشکوک	4
مصدوم	4
مضمون	4
معتقد	4
مقدار	4
ملوان	4
منامه	4
موسوم	4
مکتوب	4
میشود	4
میگفت	4
می‌گن	4
ندهند	4
نشانه	4
نظارت	4
نماند	4
نمایش	4
نیفتد	4
هرروز	4
همتای	4
هنوزم	4
وحیدی	4
ولایت	4
ولنجک	4
ویران	4
پاریس	4
پل‌ها	4
چمدان	4
چندان	4
چیزها	4
کلمات	4
گلزار	4
گلشهر	4
یکسره	4
آرزو	4
آماد	4
اهرم	4
اوست	4
اولی	4
اکثر	4
ایال	4
اینم	4
باری	4
بازه	4
بروز	4
بزنن	4
بزنه	4
بسشه	4
بشدت	4
بشری	4
بورس	4
بکند	4
بکنم	4
تعهد	4
تومن	4
جامع	4
جدیت	4
جوون	4
حامی	4
حاکم	4
حرفا	4
حومه	4
حیات	4
حیفا	4
خلاص	4
خیال	4
خیزش	4
دایم	4
دستش	4
رباط	4
رفتم	4
ریسک	4
ریشه	4
ساده	4
سایه	4
سرهم	4
سطوح	4
سینه	4
شاخص	4
شوید	4
شکاف	4
صفحه	4
صوتی	4
طلوع	4
طیبه	4
ظهور	4
عادل	4
عزیز	4
عشقی	4
عملی	4
غریب	4
غنای	4
فایل	4
فدوی	4
فرقی	4
فوتی	4
فکری	4
قایق	4
قسمت	4
قطری	4
لاله	4
لرزه	4
لشگر	4
لوله	4
مانی	4
مایع	4
متری	4
مجاز	4
مخزن	4
مصمم	4
معین	4
موجش	4
میگم	4
نرید	4
نسخه	4
نقدی	4
نقشی	4
نکته	4
نکنن	4
هیات	4
وایر	4
وحدت	4
وحشت	4
پشتش	4
چراغ	4
چطور	4
کابل	4
کادر	4
کاوه	4
کریم	4
کمکی	4
کودک	4
گریه	4
گونه	4
امر	4
اهل	4
اوه	4
بشن	4
تره	4
تپه	4
تیپ	4
جلو	4
جوب	4
ج‌ا	4
حمد	4
خرج	4
خفه	4
خلق	4
دار	4
رده	4
رشت	4
زنه	4
سبک	4
سقف	4
سوت	4
سوق	4
سیا	4
ششم	4
صدر	4
عام	4
عقب	4
علم	4
فرو	4
فضا	4
قوا	4
مدل	4
مغز	4
موش	4
نسب	4
نقص	4
وطن	4
ولش	4
پرت	4
چیه	4
گشت	4
یاک	4
یمن	4
دل	4
سد	4
نخ	4
ول	4
٢٠	4
فوق‌العاده‌ای	3
پالایشگاه‌های	3
پیام‌رسان‌های	3
بیمارستان‌ها	3
راستی‌آزمایی	3
پیشرفته‌ترین	3
کارخانه‌هایی	3
اسراییلی‌ها	3
اطلاع‌رسانی	3
ایستاده‌ایم	3
بازسازی‌شان	3
بهره‌برداری	3
جامعه‌شناسی	3
دانش‌آموزان	3
دیپلمات‌های	3
سیاستمداران	3
شهرستان‌های	3
فیلم‌برداری	3
واشنگتن‌پست	3
کشتی‌هایشان	3
اینستاگرام	3
بازماندگان	3
بازگرداندن	3
بشردوستانه	3
به‌گونه‌ای	3
تحریک‌آمیز	3
تروریست‌ها	3
تولیدکننده	3
خانواده‌اش	3
خواسته‌های	3
دستاوردهای	3
دستگاه‌های	3
زیرساخت‌ها	3
سازمان‌های	3
سازوکارهای	3
فزاینده‌ای	3
قطعنامه‌ای	3
محافظت‌شده	3
میانجی‌های	3
نمی‌خواهند	3
پیشنهادهای	3
آماده‌باش	3
احمدی‌پور	3
استان‌های	3
باقیمانده	3
برمی‌گرده	3
بهشت‌زهرا	3
تازه‌ترین	3
تعیین‌شده	3
جنگنده‌ای	3
خورده‌اند	3
درگیری‌ای	3
دیکتاتوری	3
رهبری‌شان	3
ساختمونای	3
سازماندهی	3
سرکوبگران	3
سیستم‌های	3
شبانه‌روز	3
شخصیت‌های	3
شلوغ‌ترین	3
شمس‌آبادی	3
شکاف‌هایی	3
ضروری‌تان	3
عباس‌آباد	3
فرستادگان	3
قایم‌مقام	3
منازل‌تان	3
می‌اندازد	3
می‌توانست	3
می‌نویسند	3
نظامی‌تان	3
نمی‌خواهد	3
نمی‌دانیم	3
نمی‌کردیم	3
نهایی‌مان	3
ورودی‌های	3
پیچیده‌تر	3
گروه‌هایی	3
گسترده‌تر	3
یافته‌اند	3
یوسف‌آباد	3
آتلانتیک	3
آرامستان	3
آمبولانس	3
آمریکاست	3
اختیاریه	3
استادیوم	3
اف‌بی‌آی	3
اقامتگاه	3
اقداماتش	3
امامزاده	3
اوکراینی	3
ایده‌های	3
این‌باره	3
باباطاهر	3
بازرگانی	3
به‌وسیله	3
تاییدشده	3
تجمع‌های	3
تیرانداز	3
جانبازان	3
جایگزینی	3
جنایتکار	3
حادثه‌ای	3
حسابداری	3
خاطرنشان	3
خاکسپاری	3
خیلیاتون	3
درمانگاه	3
دیدارهای	3
راهنمایی	3
رای‌گیری	3
رویارویی	3
ساختمونی	3
ساماندهی	3
سخنرانان	3
سلیمانیه	3
سناتورها	3
شدیدترین	3
شرح‌هایی	3
شعارهایی	3
شکل‌گیری	3
شیرین‌کن	3
صحبت‌های	3
صحنه‌های	3
ضربه‌های	3
علاقه‌ای	3
علی‌اصغر	3
غافلگیری	3
غیرحضوری	3
فرستادند	3
فیلترینگ	3
قدرتمندی	3
قربانیان	3
قوی‌ترین	3
لس‌آنجلس	3
متجاوزان	3
مخابراتی	3
مداربسته	3
مغازه‌ها	3
منظورتان	3
مهاجرانی	3
می‌تونید	3
می‌پذیرد	3
می‌پرسند	3
می‌کردید	3
می‌گویید	3
نشده‌اند	3
نمی‌کردم	3
هدف‌گیری	3
همینجوری	3
همینطوری	3
هواداران	3
هیچ‌کدام	3
واکنش‌ها	3
وحشت‌زده	3
وطن‌فروش	3
پاکستانی	3
پشت‌پرده	3
پژوهشکده	3
کانال‌ها	3
اصفهانی	3
اصلاحات	3
انتحاری	3
انضباطی	3
انفجارا	3
انفرادی	3
انگلیسی	3
ایرانیا	3
باستانی	3
بایستید	3
برداشتم	3
بزرگ‌تر	3
بسیجیان	3
بعضی‌ها	3
بفرستید	3
بلومبرگ	3
بگذارید	3
تظاهرات	3
توپخانه	3
جوانرود	3
حضورشان	3
حل‌وفصل	3
خشکشویی	3
خواستند	3
خونه‌ها	3
خیلیییی	3
داده‌ام	3
داده‌ها	3
درآورده	3
دیده‌ام	3
رادارها	3
رادیکال	3
رساندند	3
رساندیم	3
رفسنجان	3
روزه‌ای	3
زیرنویس	3
ساعت‌ها	3
ساله‌ای	3
سرانجام	3
سرنوشتی	3
سریع‌تر	3
سناریوی	3
سوگواری	3
سیمکارت	3
شده‌ایم	3
شناورها	3
شهرامفر	3
صاایران	3
صادراتی	3
صداسیما	3
ضدهوایی	3
عادلانه	3
عاقلانه	3
عامدانه	3
عبارتند	3
غیرفعال	3
فرزندان	3
قبلی‌ها	3
قزلحصار	3
لارستان	3
متحدانش	3
مترمکعب	3
متفاوتی	3
مجاهدین	3
مخالفان	3
مخالفتی	3
مخفیانه	3
مسابقات	3
مستبدان	3
مسیولان	3
ملی‌پوش	3
ممنوعیت	3
مهمترین	3
موقعیتی	3
میشنویم	3
میلیونی	3
می‌بریم	3
می‌بیند	3
می‌دونم	3
می‌روند	3
می‌کردم	3
می‌یابد	3
ناگهانی	3
نتوانست	3
نزدیکای	3
نزدیکتر	3
نزدیکیم	3
نظرآباد	3
نفرستید	3
نفس‌های	3
نمیتونن	3
نمیخوام	3
نورآباد	3
نگذاشته	3
نیازمند	3
نیروگاه	3
هفته‌ها	3
هم‌چنان	3
هیچ‌وجه	3
هیچ‌وقت	3
واحدهای	3
وحیدجان	3
ولی‌عصر	3
پاتریوت	3
پایگاهی	3
پدافندا	3
پرجمعیت	3
پناهنده	3
پیشمرگه	3
پیشگیری	3
کارلسون	3
کارگران	3
کلاهدوز	3
کوهستان	3
کوچک‌تر	3
گذاشتند	3
گنجانده	3
آشکارا	3
آنهاست	3
آوردند	3
آژیرها	3
ابوعلی	3
احتیاط	3
اشتیاق	3
افسران	3
افنجار	3
التماس	3
العدید	3
امتناع	3
امدادی	3
انگاری	3
اومدند	3
اونقدر	3
ایلامی	3
اینطور	3
بازیکن	3
بالاست	3
بانوان	3
بخواهم	3
بخونید	3
بدانند	3
بدجوری	3
بذارید	3
برادرم	3
برجسته	3
برخلاف	3
بردارد	3
برساند	3
برچیدن	3
برچیده	3
برینید	3
به‌دست	3
بپذیرد	3
بگذارد	3
بگوییم	3
بیایند	3
بیخیال	3
بیچاره	3
بیگلری	3
بی‌شرف	3
تجاوزی	3
تحصیلی	3
تدابیر	3
تغییری	3
تنهایی	3
توانست	3
تورنتو	3
جت‌های	3
جماران	3
حمایتی	3
خایمال	3
خواندن	3
خودکار	3
دانلود	3
دبستان	3
درآورد	3
درصورت	3
روحانی	3
روزگار	3
زندانی	3
سالانه	3
ستادکل	3
سربازی	3
سرزمین	3
سرمایه	3
سرورها	3
سناریو	3
سوهانک	3
شایعات	3
شهیدان	3
شکوهیه	3
صابرین	3
طبیعتا	3
طرفدار	3
عاملان	3
عظیمیه	3
فامیلی	3
فرسوده	3
فعالان	3
فیزیکی	3
قربانی	3
قصردشت	3
قهرمان	3
لرزیدن	3
مارتین	3
ماشینی	3
متعارف	3
متلاشی	3
متوالی	3
محاکمه	3
مراقبت	3
مرزهای	3
مسابقه	3
مستاصل	3
مستحکم	3
مسلمان	3
معادله	3
معاونش	3
منتظری	3
منصوره	3
موبایل	3
میادین	3
میخوام	3
میسازن	3
میگیرن	3
می‌زند	3
می‌کشه	3
می‌کنی	3
می‌گفت	3
نارنجی	3
نباشند	3
ندادیم	3
ندارید	3
نداشتن	3
نرسیدم	3
نمیکنم	3
نوشتار	3
نگیرند	3
نیرویی	3
نیلوفر	3
هماهنگ	3
هوشمند	3
هیمارس	3
هیچ‌یک	3
واکنشی	3
وایرال	3
وزیران	3
ویلایی	3
پایانی	3
پایبند	3
پیوسته	3
پیکرها	3
چابهار	3
چسبیده	3
کارمون	3
کارگری	3
کاشانی	3
کنگاور	3
کوبیدن	3
کوهدشت	3
کوهسار	3
کیوانی	3
گذاشتم	3
گرفتیم	3
یادمان	3
یادگار	3
آبراه	3
آستین	3
آماری	3
آنقدر	3
اثبات	3
اجاره	3
اجزای	3
احراز	3
احسان	3
اخطار	3
ارکان	3
ازادی	3
اساسی	3
اسامی	3
اسلام	3
اشرفی	3
اصلاح	3
اماده	3
انظار	3
اهالی	3
اواخر	3
اپتیک	3
اکبری	3
اکتبر	3
ایشان	3
ایمنی	3
اینتر	3
باران	3
بازهم	3
بتونن	3
بخوان	3
بخوره	3
بدشکل	3
برجای	3
بروند	3
بسازن	3
بستری	3
بشوند	3
بمونن	3
بندری	3
بنظرم	3
بنفشه	3
بهایی	3
بهتره	3
بهرام	3
بودجه	3
بگوید	3
بیفته	3
تانکر	3
تبلیغ	3
تجریش	3
تجهیز	3
تحصیل	3
تدفین	3
تروری	3
تسریع	3
تسلیت	3
تقابل	3
تقدیم	3
تقلید	3
تلاشی	3
تندرو	3
تهاجم	3
تیاتر	3
ثابتی	3
جاوید	3
جعفری	3
حجازی	3
حراست	3
حرفات	3
حساسی	3
حیدری	3
خاموش	3
خانوم	3
خجسته	3
خواجه	3
خواهش	3
خیانت	3
خیلیی	3
دخترش	3
درآمد	3
دردشت	3
درصدی	3
دوتای	3
دیوار	3
رانده	3
رجایی	3
روزای	3
زنگنه	3
ساختن	3
سانحه	3
سرشار	3
سلاحی	3
سلمان	3
سوییس	3
سیزده	3
سیمای	3
شایدم	3
شمایی	3
شیرین	3
صالحی	3
طبقات	3
طرفین	3
عجیبه	3
عرزشی	3
علمیه	3
عمانی	3
عمدتا	3
عنایت	3
غفوری	3
فازها	3
فدرال	3
فعالن	3
فلسفه	3
قبلیا	3
قنبری	3
لرزیذ	3
لزوما	3
مبتنی	3
متخصص	3
متعهد	3
مجاور	3
محصول	3
محفوظ	3
مذهبی	3
مرتبه	3
مرخصی	3
مردان	3
مساجد	3
مستمر	3
مشتاق	3
مشخصی	3
مصطفی	3
مظنون	3
معروف	3
مفقود	3
مقدمه	3
ممتنع	3
مملکت	3
منازل	3
موسوی	3
مونده	3
میانه	3
میراث	3
میکرد	3
می‌ری	3
نبرده	3
ندادن	3
ندهید	3
ندیدم	3
نشدند	3
نشریه	3
نمیدم	3
نمیگه	3
نوشهر	3
هجدهم	3
هربار	3
هرمزه	3
هلندی	3
همسرش	3
هموار	3
وادار	3
وزرای	3
وقایع	3
پذیرش	3
پرداز	3
پنجاه	3
چاگوس	3
چندجا	3
کارگر	3
کاغذی	3
کراچی	3
کریمی	3
کمالی	3
کوروش	3
کونده	3
کوچیک	3
گاندی	3
گردان	3
گروهک	3
گروهی	3
گفتیم	3
یونان	3
آدرس	3
آرام	3
آرین	3
آشوب	3
آیدا	3
احمق	3
ادیر	3
ارزش	3
اسدی	3
اسرع	3
اسیر	3
اعظم	3
اغلب	3
القا	3
انقد	3
اژیر	3
اکبر	3
ایفا	3
باشم	3
بافت	3
باقر	3
بانه	3
ببرم	3
بدنه	3
برام	3
برجا	3
برسی	3
برقه	3
بزدل	3
بزند	3
بلوف	3
بمبی	3
بهره	3
بکشه	3
بگید	3
بیعت	3
تایی	3
تلفن	3
تمدن	3
تونل	3
جاسک	3
جریت	3
جنگه	3
جهات	3
جهنم	3
حالت	3
حامل	3
حتمی	3
حداد	3
حریق	3
حصار	3
حصول	3
خسته	3
خفیف	3
خلوص	3
خوبه	3
خودی	3
خیبر	3
داعش	3
دامن	3
دانش	3
درسی	3
درچه	3
دستی	3
دوگل	3
راجب	3
راهه	3
رشته	3
روزا	3
ریخت	3
ریزش	3
زاده	3
زدنش	3
زمیر	3
سالی	3
سجیل	3
سحاب	3
سخته	3
سهام	3
سوژه	3
سپرد	3
سپهر	3
شارل	3
شجره	3
شرور	3
شریک	3
شفاف	3
شهره	3
شیبه	3
صاحب	3
صحیح	3
صدمه	3
صریح	3
ضربت	3
طرحی	3
طرفی	3
ظریف	3
عمده	3
عکسی	3
غلیظ	3
فریم	3
فیکه	3
قاضی	3
قلاب	3
قلبش	3
قلدر	3
لاشه	3
لایه	3
لیزر	3
لیست	3
لینک	3
مادی	3
مارو	3
ماشه	3
مایل	3
مایه	3
مایک	3
مجله	3
مخفی	3
مدرس	3
مرور	3
مسکن	3
مشعل	3
مصرف	3
معظم	3
معلم	3
مفصل	3
منظم	3
مهسا	3
مکتب	3
میثم	3
میرم	3
میهن	3
نامش	3
نصیر	3
نفره	3
نماد	3
نواب	3
نویر	3
نگفت	3
هاست	3
هلند	3
هیوم	3
واصل	3
وحشی	3
وریا	3
وضوح	3
پاره	3
پاوه	3
پرده	3
پویا	3
چنار	3
چنان	3
چینی	3
کارش	3
کثیف	3
کدام	3
کرجو	3
کرمی	3
کمال	3
کوهک	3
یاسر	3
آتن	3
آیت	3
ابد	3
ابن	3
اتش	3
اتم	3
ادم	3
ارم	3
ازم	3
اقا	3
ببر	3
بحث	3
بشم	3
بیخ	3
تاد	3
تند	3
توپ	3
جهش	3
جور	3
حوض	3
خاص	3
دعا	3
دفع	3
دهن	3
دکل	3
دیر	3
ذهن	3
ذکر	3
ذیل	3
سحر	3
سطر	3
سعی	3
سنا	3
سنت	3
سهم	3
سود	3
شاد	3
شتم	3
شخم	3
شمس	3
شکم	3
صبا	3
صدم	3
طعم	3
عزا	3
عزم	3
عوض	3
عید	3
قدر	3
قدم	3
لمس	3
مای	3
متر	3
محض	3
محو	3
مرج	3
مشت	3
ملا	3
ملک	3
میل	3
نره	3
هاش	3
هرج	3
وین	3
پاش	3
پاک	3
کان	3
کمر	3
کپی	3
گرم	3
بم	3
حر	3
ست	3
سن	3
لو	3
مس	3
٢١	3
چک	3
یو	3
برنامه‌ریزی‌شده	2
ریاست‌جمهوری‌ام	2
خانواده‌هایشان	2
زن‌زندگی‌آزادی	2
فایننشال‌تایمز	2
فوق‌العاده‌مان	2
هاشمی‌رفسنجانی	2
خانواده‌هاشون	2
راهپیمایی‌های	2
نیویورک‌تایمز	2
تولیدکنندگان	2
حرومزاده‌های	2
خاورمیانه‌ای	2
خستگی‌ناپذیر	2
زمین‌به‌زمین	2
زیر‌ساخت‌های	2
ساختمان‌هایی	2
سرمایه‌گذاری	2
مذاکره‌کننده	2
هوشمندانه‌ای	2
پالایشگاه‌ها	2
پیش‌بینی‌شده	2
گمانه‌زنی‌ها	2
ارزیابی‌های	2
استخوان‌های	2
استدلال‌های	2
اطلاعیه‌های	2
بازداشت‌شده	2
بمب‌افکن‌ها	2
بیانیه‌هایی	2
تجاوزکارانه	2
جانشین‌سازی	2
حرومزاده‌ها	2
خانواده‌شان	2
خویشتن‌داری	2
رادارهایشان	2
رمضانی‌زاده	2
سردخانه‌های	2
سی‌ان‌بی‌سی	2
شبه‌نظامیان	2
غیرنظامیانی	2
ماموریت‌های	2
می‌توانستند	2
می‌توانستیم	2
ویران‌کننده	2
پیچیده‌ترین	2
آزموده‌شده	2
ارتباطی‌اش	2
استودیوهای	2
استوری‌های	2
اعتراض‌های	2
اینفانتینو	2
بازگردانیم	2
برمی‌داریم	2
بی‌عرضه‌ها	2
بی‌قیدوشرط	2
تحلیل‌گران	2
حقیرانه‌ای	2
دموکرات‌ها	2
دیدگاه‌های	2
دیوانه‌وار	2
راس‌الخیمه	2
راه‌حل‌های	2
زنبیل‌آباد	2
سحاب‌پرداز	2
شریعتمداری	2
شناخته‌شده	2
شگفت‌انگیز	2
غیرمنصفانه	2
قابلیت‌های	2
ماهواره‌ها	2
محتمل‌ترین	2
محدودیت‌ها	2
مرکزی‌ترین	2
منگوله‌های	2
موتورسیکلت	2
نمی‌توانیم	2
نمی‌تونستم	2
نمی‌خواهید	2
ولایت‌مدار	2
ویرانی‌های	2
پایانه‌های	2
پایتخت‌های	2
پرتابه‌های	2
پیاده‌نظام	2
پیرزن‌هایی	2
پیشرفته‌ای	2
پیشرفت‌های	2
پیمانکاران	2
چارچوب‌های	2
ژیوپلیتیکی	2
کسایی‌زاده	2
کلانتری‌ها	2
گذاشته‌ایم	2
گزیده‌هایی	2
آزادی‌های	2
آسیب‌پذیر	2
آماده‌اند	2
آهوقلندری	2
اتاق‌هایی	2
اتحاد‌تان	2
ادمین‌های	2
ارتباطشون	2
اسفندیاری	2
اسلامشهرم	2
اصلاح‌طلب	2
اعترافاتی	2
اعدام‌های	2
افغانستان	2
امیدوارند	2
امیدواریم	2
اندازه‌ای	2
انصارالله	2
برنامه‌ها	2
بلندگوهای	2
به‌اصطلاح	2
بی‌رحمانه	2
بی‌عدالتی	2
تانکرهایی	2
تجاوزگران	2
تحلیلگران	2
تردیدهایی	2
تضمین‌های	2
تعرفه‌های	2
تنگه‌هایش	2
تهدیدآمیز	2
تهدیدهاست	2
تهدیدهایی	2
جانبازانو	2
جریان‌های	2
جغرافیایی	2
جنون‌آمیز	2
حاجی‌آباد	2
حقیقت‌یاب	2
خسارت‌های	2
خطرناک‌تر	2
خنثی‌سازی	2
خوشبختانه	2
خیابونارو	2
خیابون‌ها	2
درگیریارو	2
دسته‌جمعی	2
دقیق‌ترین	2
دوربین‌ها	2
دیدگاه‌ها	2
رباط‌کریم	2
رقیق‌سازی	2
ساخته‌شده	2
سامانه‌ها	2
سرخه‌حصار	2
سرکلانتری	2
سلاح‌هاست	2
سواستفاده	2
سیاستمدار	2
سیستماتیک	2
شنیده‌اند	2
صحنه‌هایی	2
ضداسراییل	2
ضدتروریسم	2
طرفدارانش	2
عبدالمجید	2
غیرمنتظره	2
فراخوانده	2
فعال‌سازی	2
فیلمبردار	2
قابل‌قبول	2
قربانیشون	2
قسمت‌هایی	2
لانچر‌های	2
مادربزرگش	2
متحدانشان	2
محمد‌حسین	2
مذاکره‌ای	2
معامله‌ای	2
مغازه‌های	2
میدان‌های	2
می‌افزاید	2
می‌خواهید	2
می‌رسانیم	2
می‌رسیدند	2
می‌پردازد	2
می‌گذارند	2
می‌گرفتند	2
ندیده‌اند	2
نشانه‌های	2
نظامی‌شان	2
نمیتونستم	2
نمیخواهیم	2
نمی‌بینیم	2
نمی‌خوایم	2
نمی‌دونیم	2
نمی‌شناسم	2
نویسندگان	2
نگرانی‌ها	2
نیروهاشون	2
نیروهوایی	2
هلی‌کوپتر	2
ونتیلاتور	2
پرتابه‌ها	2
پروژه‌های	2
پنهان‌کار	2
پیامدهایی	2
چهره‌هایی	2
کارگزاران	2
کالیفرنیا	2
کره‌جنوبی	2
کمک‌خلبان	2
گردان‌های	2
گلوله‌های	2
یافته‌ایم	2
یزدان‌شهر	2
آرژانتین	2
آسیب‌های	2
آشوب‌های	2
ابرآروان	2
احارونوت	2
اختلافات	2
استان‌ها	2
اسداللهی	2
اسراییله	2
اسماعیلی	2
اسکادران	2
اسکله‌ها	2
اغتشاشات	2
المیادین	2
امبولانس	2
امیرآباد	2
امیراباد	2
انتظارات	2
انتقادها	2
انداختند	2
اندیشیده	2
انفجارات	2
اینجرلیک	2
این‌گونه	2
باتلفیلد	2
بازیگران	2
باقرزاده	2
بالاترین	2
برده‌ایم	2
بسیجی‌ای	2
بلوچستان	2
بمبارانه	2
بندری‌ای	2
بنی‌هاشم	2
بهمن‌ماه	2
به‌مراتب	2
بوده‌اید	2
بپیوندید	2
بیندازیم	2
بی‌ارزشه	2
بی‌خشونت	2
بی‌نظیری	2
بی‌پایان	2
تبلیغاتی	2
تردیدهای	2
ترکش‌های	2
تلفن‌های	2
تماس‌های	2
تمهیداتی	2
توانمندی	2
توطیه‌ای	2
تونل‌های	2
تکنولوژی	2
جانشینان	2
جایزه‌اش	2
جغرافیای	2
جنت‌اباد	2
جهان‌نما	2
حملاتمون	2
حوزه‌های	2
خارج‌شدن	2
خبرنگاری	2
خداحافظی	2
خسارت‌ها	2
خوانساری	2
خودمختار	2
خودکفایی	2
خیابانها	2
خیلییییی	2
درخواستی	2
دقیقه‌ست	2
دهه‌هاست	2
رفت‌وآمد	2
رهبرشونو	2
روحانیون	2
زبان‌های	2
زرادخانه	2
زندانیان	2
ساختمونه	2
سرکوب‌گر	2
سناریویی	2
سوله‌های	2
سپیده‌دم	2
سیدمجتبی	2
شرارت‌ها	2
شناسنامه	2
شکاف‌های	2
صفی‌آباد	2
ضدآمریکا	2
ضدحکومتی	2
طرفدارای	2
عراقبوبو	2
عهده‌دار	2
غرفه‌دار	2
غم‌انگیز	2
غیرضروری	2
غیرمعمول	2
فاصله‌ست	2
فراخوانی	2
فرستادیم	2
فرسنگ‌ها	2
فرصت‌های	2
فروبپاشد	2
فوووووری	2
فکرمیکنم	2
فیلسوفان	2
فیلم‌های	2
مادرتونو	2
مجارستان	2
محدوده‌ی	2
مدت‌هاست	2
مسافربری	2
مستبدانی	2
مشروعیتی	2
مطبوعاتی	2
منطقه‌ست	2
منطقی‌تر	2
میخواهیم	2
می‌آوریم	2
می‌بینند	2
می‌جنگیم	2
می‌خواند	2
می‌دادند	2
می‌دانست	2
می‌دونیم	2
می‌رفتند	2
می‌ریزیم	2
می‌سازند	2
می‌کشتند	2
می‌گذارم	2
می‌گفتند	2
نتوانسته	2
نتیجه‌ای	2
نزدیک‌تر	2
نمایندگی	2
نمی‌افتد	2
نمی‌داند	2
نمی‌دونن	2
نمی‌کشیم	2
نمی‌کنند	2
نمی‌کنید	2
نپیوندند	2
نیروهایش	2
نیروهایی	2
نیرو‌های	2
هسته‌های	2
هیچ‌جایی	2
ولودیمیر	2
ویرجینیا	2
چالش‌های	2
کامپیوتر	2
کاناداست	2
کرده‌اید	2
کشته‌اند	2
کشورشونو	2
کلان‌شهر	2
کیانپارس	2
کیلوگرمی	2
گردهمایی	2
گزینه‌ای	2
گسترده‌ی	2
گفته‌اید	2
آرامگاه	2
آریامهر	2
آزادانه	2
آزادگان	2
آسیب‌زا	2
آفلاینم	2
آمده‌ام	2
آن‌هایی	2
آپادانا	2
ابلهانه	2
اتهامات	2
ادعاهای	2
استمرار	2
استیصال	2
اسدآباد	2
اسپانیا	2
اشتباهی	2
اماراتی	2
امانپور	2
امکانات	2
انبارها	2
انتخابی	2
انفجارو	2
اونجایی	2
ایستادن	2
ایست‌ها	2
باتجربه	2
باختگان	2
بارزانی	2
بارونیه	2
بارگیری	2
بازنگری	2
بازگردد	2
باهاشون	2
بتوانیم	2
بحث‌های	2
برخاستن	2
برداریم	2
برداشته	2
برقراری	2
برگردند	2
بزرگمهر	2
بشناسید	2
به‌خصوص	2
بیماران	2
بی‌آزار	2
بی‌درنگ	2
بی‌وجود	2
تابستان	2
تانکرها	2
تروریست	2
تمرینات	2
تنگسیری	2
تنگه‌ها	2
توافقیم	2
تونل‌ها	2
تیلیارد	2
ثبت‌شده	2
جابجایی	2
جاویدان	2
جاکارتا	2
جزییاتش	2
جست‌وجو	2
جسدشونم	2
جعفریان	2
جلسه‌ای	2
جنازه‌ی	2
جنگ‌های	2
جهانشهر	2
جوب‌های	2
حداکثری	2
حرفه‌ای	2
حرف‌هاش	2
حوثی‌ها	2
خانه‌ای	2
خریدهای	2
خساراتی	2
خواستید	2
خودتونم	2
خودرویی	2
خودشونه	2
خودکارم	2
خونمونه	2
خیابونن	2
دانشکده	2
دختربچه	2
درس‌های	2
درصورتی	2
درگذشته	2
دستاورد	2
ده‌ساله	2
دیگه‌ای	2
راه‌آهن	2
راه‌حلی	2
رسانه‌ی	2
رسوندیم	2
روحانیت	2
روشنایی	2
رونمایی	2
زخمی‌ها	2
زلزله‌ی	2
زنده‌ست	2
زیرزمین	2
سایت‌ها	2
ستادهای	2
ستمدیده	2
سرافراز	2
سردرگمی	2
سرنگونه	2
سینمایی	2
سیگنالی	2
شاداباد	2
شدید‌تر	2
شرکت‌ها	2
شهرزیبا	2
شکارشون	2
صادرشده	2
صورت‌ها	2
ضربه‌ها	2
طالبانی	2
عزاداری	2
علی‌رغم	2
عمده‌ای	2
عملیاتش	2
فاصله‌ی	2
فداکاری	2
فردوسیه	2
فرسایشی	2
فرستادن	2
فروردین	2
فزاینده	2
فشارهای	2
فشافویه	2
فعالیته	2
فلوریدا	2
قاطعانه	2
قایمشهر	2
قطعه‌ای	2
قهرمانی	2
ماجرایی	2
ماشینای	2
مبنی‌بر	2
مجبورند	2
مجبوریم	2
مجیدرضا	2
محبوبیت	2
محمدرضا	2
محکم‌تر	2
مرداویج	2
مردمانی	2
مصدومیت	2
مطالبات	2
معاملات	2
معاونین	2
ملاحظات	2
ممبرمون	2
ممنونیم	2
منصفانه	2
مهاجمان	2
مهرجویی	2
موج‌های	2
مکان‌ها	2
میبینید	2
میخوایم	2
میخورید	2
میدونید	2
میندازن	2
میکردند	2
میگرفتن	2
می‌اومد	2
می‌دهید	2
می‌دونه	2
می‌رویم	2
می‌شویم	2
می‌چرخه	2
می‌کوشد	2
می‌گردد	2
نابودین	2
نامشروع	2
ناوگروه	2
نتوانند	2
نسخه‌ای	2
نصرالله	2
نصیبشان	2
نفهمیدم	2
نمیتونه	2
نمیداند	2
نمیدونی	2
نمیذارن	2
نمیزارن	2
نمیمونه	2
نمی‌دهم	2
نمی‌شوم	2
نوسانات	2
نگذارید	2
نگرفتند	2
نیرو‌ها	2
نیکخواه	2
همانطور	2
همبستگی	2
همخوانی	2
هیوستون	2
هیچکدوم	2
هیچ‌کسی	2
واردشده	2
وقت‌گیر	2
ویرانگر	2
ویلاهای	2
پادگانی	2
پاکسازی	2
پایداره	2
پترایوس	2
پدافنده	2
پروازها	2
پست‌های	2
پسندیده	2
پشیمانی	2
پهپادبر	2
پوشانده	2
پژوهشگر	2
پیشاپیش	2
پیشرفتی	2
پیش‌شرط	2
پیش‌فرض	2
چاره‌ای	2
چقددددر	2
کارخونه	2
کلمه‌ای	2
کمک‌های	2
کنارشون	2
کیلوگرم	2
گذاشتیم	2
گذرنامه	2
گزارشای	2
گفتگویی	2
گل‌مالی	2
گونه‌ای	2
گوهردشت	2
یواس‌اس	2
آشفتگی	2
آغازگر	2
آفلاین	2
آلودگی	2
آنالیز	2
آن‌قدر	2
آوردیم	2
اتفاقا	2
اجراست	2
احمدلو	2
اختصاص	2
ادبیات	2
اروپای	2
ازجمله	2
استوری	2
اشراقی	2
اشکالی	2
اصطلاح	2
اعتصاب	2
اعتقاد	2
اقتدار	2
السالم	2
امتیاز	2
امن‌تر	2
اندازی	2
انصاری	2
انعکاس	2
انگیزه	2
اوباشی	2
اوناهم	2
اونایی	2
اونوقت	2
ایتاست	2
اینارو	2
ایندیا	2
اینسری	2
این‌جا	2
بابلسر	2
باثبات	2
باختند	2
بارونه	2
باشکوه	2
باشیمش	2
ببینند	2
بحرانی	2
بخورید	2
بدونین	2
برابری	2
براتون	2
برادرش	2
براشون	2
برایان	2
برداشت	2
برپایی	2
برچیند	2
بریتیش	2
بریزبن	2
بستگان	2
بقیه‌ش	2
بمب‌ها	2
به‌جرم	2
به‌سوی	2
به‌نام	2
به‌نقل	2
به‌کار	2
به‌کلی	2
بویینگ	2
بپذیرم	2
بچه‌ها	2
بگویید	2
بیانگر	2
بیایید	2
بیش‌از	2
بینشون	2
بی‌خبر	2
بی‌سیم	2
بی‌طرف	2
تابحال	2
تاثیری	2
ترسناک	2
تریاکی	2
تعهدات	2
تعیینی	2
تفصیلی	2
تلفاتی	2
توجیهی	2
تولیدی	2
تکذیبش	2
جانسون	2
جرثقیل	2
جلسه‌ی	2
جمعیتی	2
جملاتی	2
جنگ‌ها	2
حافظیه	2
حداقلی	2
حرفهای	2
حسینیه	2
حکومتش	2
خاکستر	2
خاکشان	2
خدماتی	2
خراسان	2
خودتون	2
خودمان	2
خوردند	2
خوشحال	2
خونه‌ی	2
خیلییی	2
خیییلی	2
داریوش	2
داغدار	2
دایرکت	2
دراومد	2
دربیاد	2
درحینی	2
درخشان	2
دروازه	2
درویشی	2
درکنار	2
درگیره	2
دریاچه	2
دستشان	2
دستمون	2
دستیار	2
دست‌ها	2
دعاهات	2
دلسردی	2
دورتره	2
دوردست	2
رادیوی	2
راستای	2
راهبرد	2
راهیان	2
رتکلیف	2
رزمایش	2
رسیدیم	2
رهنورد	2
ریچارد	2
زاهدان	2
زریبار	2
زنده‌س	2
ساعتای	2
سالهای	2
ساکنین	2
سخنانش	2
سربلند	2
سرتاسر	2
سرلشکر	2
سریعتر	2
سلحشور	2
سلطانی	2
سنتینل	2
سپردند	2
سیاستی	2
سیدعلی	2
سیرجان	2
سیستان	2
شادمان	2
شاکرمی	2
شریکان	2
شعارها	2
شمیران	2
شنیدید	2
شهبازی	2
شهرقدس	2
شهکویه	2
شواهدی	2
شیطانی	2
شیعیان	2
صددرصد	2
صراحتا	2
عاشورا	2
عجیبیه	2
عصبانی	2
علی‌اف	2
عوارضی	2
غربمون	2
فازهای	2
فرآوری	2
فرایند	2
فرزندش	2
فرسایش	2
فرهادی	2
فرکانس	2
فلاحیم	2
فهمیدم	2
فوووری	2
فکرکنم	2
قابلیت	2
قاطعیت	2
قایمیه	2
لحظه‌ی	2
لواسان	2
مادران	2
مافیای	2
مامانم	2
مامورا	2
ماهدشت	2
ماهشهر	2
متجاوز	2
متشکرم	2
متمایل	2
متناسب	2
محاسبه	2
محاصره	2
محله‌ی	2
محموله	2
مختاری	2
مداخله	2
مراجعه	2
مراسمی	2
مراکزی	2
مرتضوی	2
مرزبان	2
مرودشت	2
مسایلی	2
مسجودی	2
مسیعید	2
مشیریه	2
مطالعه	2
معامله	2
معتقده	2
معدودی	2
معلمان	2
منظورش	2
منفجره	2
مهرداد	2
مواضعی	2
موشکیش	2
موشکیه	2
مکارچی	2
میاریم	2
میبینم	2
میترکه	2
میتونم	2
میتونه	2
میخوره	2
میدهیم	2
میدونه	2
میدونی	2
میزبان	2
میزنید	2
میزنیم	2
میشنون	2
میشوند	2
مین‌ها	2
میچرخه	2
میکوبن	2
میگردن	2
می‌شیم	2
می‌کشم	2
نادیده	2
نامشان	2
ناچیزی	2
نتواند	2
نخواهم	2
نخونده	2
ندادند	2
نزدیکن	2
نشنیدم	2
نفرشون	2
نمیزنه	2
نمیشیم	2
نمیکند	2
نمی‌شد	2
نمی‌گم	2
نهاوند	2
نکردید	2
نگیرید	2
هشداری	2
هیجانی	2
وبسایت	2
ویتکوف	2
پالایش	2
پایینی	2
پخش‌ها	2
پدرتون	2
پدرزنش	2
پذیرفت	2
پرسیده	2
پرغرور	2
پریروز	2
پزشکان	2
پهبادی	2
پیامکی	2
پیرمرد	2
پیشگام	2
پیشگاه	2
چنانچه	2
چندبار	2
چندنفر	2
چهره‌ی	2
چیزشان	2
کابینه	2
کارشون	2
کارمان	2
کاشانک	2
کانالش	2
کردهای	2
کلمبیا	2
کماکان	2
کنترلش	2
کنجکاو	2
کودکان	2
کوچولو	2
گاییدم	2
گذرگاه	2
گرانیت	2
گرداند	2
گرفتید	2
گزارشت	2
گفتوگو	2
یکساعت	2
یک‌سوم	2
آبادو	2
آبسرد	2
آبشار	2
آثارش	2
آزمون	2
آسانی	2
آغازی	2
آغشته	2
آمدند	2
آناند	2
آنیشا	2
آوردم	2
آوریل	2
ابادی	2
ابزار	2
ابلاغ	2
اتحاد	2
اتصال	2
اتلاف	2
احزاب	2
اخلال	2
ادران	2
ادغام	2
ارجاع	2
اردوی	2
ارزید	2
ارفعی	2
ارقام	2
استخر	2
اسطبل	2
اسناد	2
اصرار	2
اطفای	2
اعداد	2
اعطای	2
افزون	2
افشای	2
اقلیت	2
العمر	2
الملل	2
الهام	2
اموال	2
امیری	2
اولیش	2
اومدم	2
اکثرا	2
ایلان	2
ایلنا	2
باباش	2
باتری	2
باطنی	2
بالاش	2
بالکن	2
باهاش	2
باهوش	2
ببرید	2
ببریم	2
بترسن	2
بترسه	2
بخصوص	2
بدهید	2
بدونم	2
بذاره	2
برعکس	2
برملا	2
برنده	2
برنمی	2
بشریت	2
بشینه	2
بعداز	2
بعدشم	2
بلندی	2
بمونه	2
بنیاد	2
بهنام	2
به‌جز	2
به‌سر	2
به‌پا	2
بودنم	2
بودید	2
بوریس	2
بولوپ	2
بچشید	2
بکشند	2
بکنیم	2
بیارن	2
بی‌بی	2
تازگی	2
تاسیس	2
تبعید	2
تثبیت	2
تجارب	2
تحمیل	2
تریتا	2
تسهیل	2
تشویق	2
تصاحب	2
تعاون	2
تعمیق	2
تفریح	2
تقلبی	2
تمرین	2
تمومه	2
توزیع	2
توشون	2
توطیه	2
توقیف	2
تولدش	2
تولدم	2
تونلی	2
تگزاس	2
جابجا	2
جالبه	2
جت‌ها	2
جراحت	2
جستجو	2
جملات	2
جنازش	2
جهادی	2
جوامع	2
جیحون	2
حاتمی	2
حوادث	2
حکایت	2
خجالت	2
خرازی	2
خریدم	2
خزانه	2
خصوصا	2
خلاصه	2
خندان	2
خوردن	2
داخلش	2
دادنه	2
دادید	2
دخترو	2
درهای	2
دروغه	2
دستان	2
دفترش	2
دلمون	2
دهندو	2
دهه‌ی	2
دورود	2
دوریم	2
دوشان	2
دیوید	2
راحتی	2
رازین	2
رامات	2
رحیمی	2
رسایی	2
رسولی	2
رسیدم	2
رهگذر	2
زمانه	2
سازند	2
سالها	2
سایتی	2
ستاره	2
سرایت	2
سرتان	2
سرطان	2
سرعتی	2
سریعا	2
سمتای	2
سه‌تا	2
سوخته	2
سوراخ	2
سوپری	2
سیاوش	2
سیمرغ	2
سینما	2
شاهین	2
شاپور	2
شباهت	2
شبهای	2
شده‌ی	2
شراکت	2
شنزار	2
شهرای	2
شهرها	2
صادقی	2
صداشو	2
صدایه	2
صلابت	2
صلاله	2
طاهری	2
طاووس	2
طرفای	2
طوفان	2
عاطفه	2
عبادی	2
عبارت	2
عظیمی	2
عمارت	2
عمودی	2
عمیقا	2
عیادت	2
عیدمو	2
غریبی	2
غفاری	2
فراری	2
فرمان	2
فروشی	2
فشاری	2
فعالش	2
فلسفی	2
فورمن	2
فیلتر	2
فیوری	2
قاآنی	2
قراین	2
قضاوت	2
قطعات	2
قلمرو	2
لامرد	2
لاناز	2
لشگری	2
لنگری	2
لپویی	2
لینکن	2
مایکل	2
مبارز	2
مبنای	2
متحمل	2
متوسط	2
محارب	2
محبوب	2
محمدی	2
مخاطب	2
مراجع	2
مرجان	2
مرداد	2
مردمو	2
مرعشی	2
مرکزم	2
مزدور	2
مستند	2
مسجدی	2
مشکین	2
مصلای	2
مصلحت	2
مطهری	2
معادل	2
معصوم	2
مغازه	2
مقتضی	2
مقداد	2
مقرها	2
مقطعی	2
مقیاس	2
ملکان	2
منتخب	2
منشور	2
منقضی	2
منوتو	2
موجود	2
موریس	2
موعود	2
موقتا	2
موقتی	2
میادش	2
میامی	2
میرسد	2
میرسن	2
میزدن	2
میشیم	2
میلاد	2
میکنی	2
می‌آد	2
می‌دم	2
می‌ده	2
می‌ره	2
می‌شم	2
می‌گم	2
نادری	2
نایاک	2
نردیک	2
نزنید	2
نزنین	2
نشانی	2
نشستی	2
نشویم	2
نشینی	2
نظریه	2
نوشتن	2
نیابد	2
نیسان	2
نیستش	2
نیستن	2
نیمکت	2
هاشون	2
هجومی	2
هراسی	2
هرسال	2
هرکجا	2
هرکسی	2
هزارم	2
هفتگی	2
همدلی	2
همشون	2
همکار	2
هویتی	2
هیچیش	2
واضحه	2
وثیقه	2
وسایل	2
وسیعی	2
پاداش	2
پارسی	2
پانصد	2
پدران	2
پرتنش	2
پرسنل	2
پرورش	2
پریدن	2
پریشب	2
پستای	2
پسران	2
پژوهش	2
پیاده	2
پیامک	2
پیکرش	2
پی‌اس	2
چارتا	2
چطوری	2
چندصد	2
کارکن	2
کالاس	2
کثافت	2
کرامت	2
کردان	2
کردین	2
کسایی	2
کشتنش	2
کمتری	2
کمپین	2
کنایه	2
کندسر	2
کنسله	2
کوچکی	2
کویتی	2
کیوان	2
گرگان	2
گشایش	2
گفتار	2
گنجشک	2
گوترش	2
گیرند	2
یابند	2
یابیم	2
یاران	2
یجوری	2
یورگن	2
آخری	2
آران	2
آزار	2
آسیا	2
آغوش	2
آمان	2
آمدم	2
آمدن	2
آنتن	2
آیین	2
ابری	2
اتیش	2
اثری	2
احیا	2
اذان	2
اذیت	2
اراج	2
اران	2
ازای	2
اسبق	2
اسمش	2
اشتر	2
اصول	2
اطلس	2
اعضا	2
افقی	2
الکی	2
امری	2
اولش	2
اپیک	2
ایگل	2
بابت	2
بارو	2
بافل	2
باند	2
باهم	2
بتنی	2
برسه	2
برقا	2
برید	2
بستک	2
بشیم	2
بصره	2
بعدم	2
بغلی	2
بقای	2
بلوک	2
بلیت	2
بمبر	2
بناب	2
بندی	2
بودی	2
بیات	2
تاکر	2
تحول	2
تختی	2
ترین	2
تعرض	2
تمیم	2
تندی	2
تودی	2
تورک	2
تومر	2
تکیه	2
تیتر	2
تیکه	2
ثانی	2
جادو	2
جامد	2
جانش	2
جدای	2
جرات	2
جردن	2
جسمی	2
جعفر	2
جلوه	2
جنبش	2
حسنی	2
حلقش	2
حمزه	2
حموم	2
حکیم	2
خاکش	2
خبرش	2
خراب	2
خرده	2
خلاف	2
خلوت	2
خمین	2
دارو	2
درها	2
درهم	2
دقتی	2
دینی	2
راست	2
ربطی	2
رجوی	2
رشید	2
رضوی	2
رفاه	2
رقمی	2
روبه	2
روحی	2
روسی	2
رویه	2
ریزی	2
زاغه	2
زاید	2
زبون	2
زیرش	2
سازد	2
سجاد	2
سراغ	2
سرخه	2
سرود	2
سزار	2
سنای	2
سنگی	2
سهند	2
سهیم	2
سوزی	2
سپاس	2
سکوی	2
سیلی	2
شانس	2
شبای	2
شدتش	2
شرقو	2
شروط	2
شهاب	2
شهرو	2
شورش	2
شومر	2
شکری	2
شکمش	2
شیعه	2
شیفت	2
ضحاک	2
طرفش	2
عازم	2
عروس	2
علیز	2
عماد	2
عمرش	2
عملش	2
غدیر	2
غروب	2
غرور	2
غواص	2
فاقد	2
فتنه	2
فدای	2
فریب	2
فساد	2
فقیر	2
فلان	2
فورت	2
فکنم	2
فیضی	2
قایل	2
قبری	2
قدری	2
قطره	2
لابد	2
لاشی	2
لحاظ	2
لحنی	2
لفظی	2
لوتن	2
ماسک	2
ماها	2
ماهم	2
ماهه	2
مبهم	2
متصل	2
مثال	2
مجمع	2
مجهز	2
محرم	2
محکم	2
محیط	2
مخبر	2
مخدر	2
مدار	2
مدنی	2
مردن	2
مردی	2
مزار	2
مصدق	2
مطلق	2
معنی	2
ملته	2
منوط	2
موسی	2
موعد	2
مکرر	2
مکمل	2
نداد	2
ندیم	2
نرسد	2
نزدن	2
نفته	2
نمره	2
نهان	2
نوین	2
نکشه	2
نکنه	2
نگین	2
نیمی	2
نیکا	2
هارو	2
هتلی	2
هجوم	2
هرمس	2
هروی	2
هستی	2
همکف	2
هیلل	2
والا	2
واژه	2
ورزش	2
وفاق	2
وقتش	2
وقفه	2
پاها	2
پلاک	2
چادر	2
چرند	2
چوبی	2
چیست	2
چیشد	2
ژیلا	2
کاتن	2
کارت	2
کارل	2
کارو	2
کایا	2
کتبی	2
کجاس	2
کرار	2
کریس	2
کریک	2
کریگ	2
کصکش	2
کلاک	2
کلنگ	2
کمری	2
کیست	2
گارد	2
گامی	2
گردد	2
گسیل	2
گلپا	2
گمان	2
گوشت	2
گوشی	2
گوهم	2
گوگل	2
گوید	2
یارو	2
یاری	2
یتیم	2
یورش	2
یورو	2
آذر	2
آرا	2
آرش	2
ادن	2
ارز	2
اسد	2
افت	2
بام	2
بدل	2
بدم	2
برا	2
برم	2
بره	2
بغل	2
بوش	2
بگو	2
تام	2
تله	2
جتا	2
جرم	2
جزو	2
جفت	2
جلب	2
جنس	2
جوی	2
حرم	2
خشن	2
خطی	2
خنک	2
دره	2
دلم	2
دوز	2
دیگ	2
رمپ	2
روح	2
رود	2
رور	2
ریه	2
زرد	2
زند	2
زنش	2
زور	2
سقز	2
سمی	2
سنگ	2
شبی	2
شور	2
شوک	2
صفی	2
ضلع	2
ظفر	2
عمر	2
عون	2
غلط	2
فتا	2
فتح	2
فسا	2
فقر	2
قبر	2
قسم	2
قعر	2
قله	2
لبه	2
لحن	2
لگد	2
لیگ	2
مزه	2
مصر	2
مون	2
نبش	2
نجف	2
نده	2
نصر	2
نصف	2
نفس	2
نقد	2
نیس	2
هام	2
هسا	2
وای	2
وزن	2
ونک	2
پلی	2
پمپ	2
پیچ	2
پ‌ن	2
چاک	2
چرخ	2
کذب	2
کفن	2
کلت	2
کما	2
کوی	2
گان	2
گلف	2
گور	2
گوه	2
یجا	2
آخ	2
آل	2
اش	2
بو	2
تک	2
جه	2
حج	2
سگ	2
شو	2
مه	2
مو	2
وا	2
٠٨	2
١٩	2
گه	2
گپ	2
